bus_id,active,current_city,next_city,distance_to_next,status,timestamp,route
3,True,2,,0,Active,1736244704.7586257,"[7, 2]"
4,True,2,,0,Active,1736244705.7682629,"[7, 2]"
5,True,2,,0,Active,1736244706.7797697,"[7, 2]"
0,True,4,,0,Active,1736244707.9253166,"[0, 5, 4]"
1,True,4,,0,Active,1736244708.9331214,"[0, 5, 4]"
2,True,4,,0,Active,1736244709.9390516,"[0, 5, 4]"
3,True,2,,0,Active,1736244710.945964,"[7, 2]"
4,True,2,,0,Active,1736244711.9516394,"[7, 2]"
5,True,2,,0,Active,1736244712.9593816,"[7, 2]"
0,True,4,,0,Active,1736244713.9826992,"[0, 5, 4]"
1,True,4,,0,Active,1736244714.9892142,"[0, 5, 4]"
2,True,4,,0,Active,1736244715.9969692,"[0, 5, 4]"
3,True,2,,0,Active,1736244717.003288,"[7, 2]"
4,True,2,,0,Active,1736244718.011123,"[7, 2]"
5,True,2,,0,Active,1736244719.0340724,"[7, 2]"
0,True,4,,0,Active,1736244720.0449736,"[0, 5, 4]"
1,True,4,,0,Active,1736244721.0516248,"[0, 5, 4]"
2,True,4,,0,Active,1736244722.0588179,"[0, 5, 4]"
3,True,2,,0,Active,1736244723.0650907,"[7, 2]"
4,True,2,,0,Active,1736244724.070822,"[7, 2]"
5,True,2,,0,Active,1736244725.0759406,"[7, 2]"
0,True,4,,0,Active,1736244726.0944972,"[0, 5, 4]"
1,True,4,,0,Active,1736244727.101656,"[0, 5, 4]"
2,True,4,,0,Active,1736244728.1085207,"[0, 5, 4]"
3,True,2,,0,Active,1736244729.1689754,"[7, 2]"
4,True,2,,0,Active,1736244730.354064,"[7, 2]"
5,True,2,,0,Active,1736244731.364218,"[7, 2]"
0,True,4,,0,Active,1736244732.370678,"[0, 5, 4]"
1,True,4,,0,Active,1736244733.3985186,"[0, 5, 4]"
2,True,4,,0,Active,1736244734.4046538,"[0, 5, 4]"
3,True,2,,0,Active,1736244735.4126515,"[7, 2]"
4,True,2,,0,Active,1736244736.4178197,"[7, 2]"
5,True,2,,0,Active,1736244737.4236062,"[7, 2]"
0,True,4,,0,Active,1736244738.43034,"[0, 5, 4]"
1,True,4,,0,Active,1736244739.4382672,"[0, 5, 4]"
2,True,4,,0,Active,1736244740.444156,"[0, 5, 4]"
3,True,2,,0,Active,1736244741.4491029,"[7, 2]"
4,True,2,,0,Active,1736244741.4743717,"[7, 2]"
0,True,,,0,Active,1736244772.3687057,[]
1,True,,,0,Active,1736244773.6172676,[]
2,True,,,0,Active,1736244774.883143,[]
3,True,,,0,Active,1736244776.1614647,[]
4,True,,,0,Active,1736244777.404006,[]
5,True,,,0,Active,1736244778.6645072,[]
0,True,0,5,240,Active,1736244779.6715422,"[0, 5, 4]"
0,True,5,4,2208,Active,1736244780.6878204,"[0, 5, 4]"
0,True,4,,0,Active,1736244781.8530912,"[0, 5, 4]"
1,True,0,5,240,Active,1736244782.8612363,"[0, 5, 4]"
0,True,4,,0,Active,1736244783.9153168,"[0, 5, 4]"
0,True,4,,0,Active,1736244784.93007,"[0, 5, 4]"
0,True,4,,0,Active,1736244785.941345,"[0, 5, 4]"
2,True,0,5,240,Active,1736244786.960421,"[0, 5, 4]"
0,True,4,,0,Active,1736244787.9801362,"[0, 5, 4]"
1,True,5,4,2208,Active,1736244788.9874825,"[0, 5, 4]"
0,True,4,,0,Active,1736244790.1121316,"[0, 5, 4]"
0,True,4,,0,Active,1736244791.1382043,"[0, 5, 4]"
0,True,4,,0,Active,1736244792.1496167,"[0, 5, 4]"
2,True,5,4,2208,Active,1736244793.5543349,"[0, 5, 4]"
0,True,4,,0,Active,1736244794.6118019,"[0, 5, 4]"
1,True,4,,0,Active,1736244795.653597,"[0, 5, 4]"
0,True,4,,0,Active,1736244796.662388,"[0, 5, 4]"
1,True,4,,0,Active,1736244797.71047,"[0, 5, 4]"
0,True,4,,0,Active,1736244798.727115,"[0, 5, 4]"
1,True,4,,0,Active,1736244799.7342246,"[0, 5, 4]"
3,True,7,2,576,Active,1736244800.7448466,"[7, 2]"
0,True,4,,0,Active,1736244801.752415,"[0, 5, 4]"
1,True,4,,0,Active,1736244802.7634916,"[0, 5, 4]"
2,True,4,,0,Active,1736244803.7817748,"[0, 5, 4]"
0,True,4,,0,Active,1736244804.7894206,"[0, 5, 4]"
1,True,4,,0,Active,1736244805.802644,"[0, 5, 4]"
2,True,4,,0,Active,1736244806.812481,"[0, 5, 4]"
0,True,4,,0,Active,1736244807.818847,"[0, 5, 4]"
1,True,4,,0,Active,1736244808.8268144,"[0, 5, 4]"
2,True,4,,0,Active,1736244809.832696,"[0, 5, 4]"
0,True,4,,0,Active,1736244810.843901,"[0, 5, 4]"
1,True,4,,0,Active,1736244811.8502152,"[0, 5, 4]"
2,True,4,,0,Active,1736244812.8649838,"[0, 5, 4]"
3,True,2,,0,Active,1736244813.9768727,"[7, 2]"
0,True,4,,0,Active,1736244814.9844167,"[0, 5, 4]"
1,True,4,,0,Active,1736244815.9910245,"[0, 5, 4]"
2,True,4,,0,Active,1736244816.9977202,"[0, 5, 4]"
4,True,,,0,Active,1736244818.004341,[]
3,True,2,,0,Active,1736244819.011988,"[7, 2]"
0,True,4,,0,Active,1736244820.0294502,"[0, 5, 4]"
1,True,4,,0,Active,1736244821.0372193,"[0, 5, 4]"
2,True,4,,0,Active,1736244822.0466301,"[0, 5, 4]"
5,True,,,0,Active,1736244823.0516121,[]
3,True,2,,0,Active,1736244824.0675583,"[7, 2]"
0,True,4,,0,Active,1736244825.0825188,"[0, 5, 4]"
1,True,4,,0,Active,1736244826.1078308,"[0, 5, 4]"
2,True,4,,0,Active,1736244827.1145122,"[0, 5, 4]"
3,True,2,,0,Active,1736244828.1231763,"[7, 2]"
0,True,4,,0,Active,1736244829.1330688,"[0, 5, 4]"
1,True,4,,0,Active,1736244830.139593,"[0, 5, 4]"
2,True,4,,0,Active,1736244831.1487575,"[0, 5, 4]"
3,True,2,,0,Active,1736244832.2059727,"[7, 2]"
0,True,4,,0,Active,1736244833.2231221,"[0, 5, 4]"
1,True,4,,0,Active,1736244834.2397914,"[0, 5, 4]"
2,True,4,,0,Active,1736244835.2462795,"[0, 5, 4]"
4,True,7,2,576,Active,1736244836.2530558,"[7, 2]"
3,True,2,,0,Active,1736244837.2637863,"[7, 2]"
0,True,4,,0,Active,1736244838.2853925,"[0, 5, 4]"
1,True,4,,0,Active,1736244839.2941086,"[0, 5, 4]"
2,True,4,,0,Active,1736244840.3038096,"[0, 5, 4]"
3,True,2,,0,Active,1736244841.3099434,"[7, 2]"
0,True,4,,0,Active,1736244842.3200326,"[0, 5, 4]"
1,True,4,,0,Active,1736244843.3277595,"[0, 5, 4]"
2,True,4,,0,Active,1736244844.333308,"[0, 5, 4]"
3,True,2,,0,Active,1736244845.343334,"[7, 2]"
0,True,4,,0,Active,1736244846.5860424,"[0, 5, 4]"
1,True,4,,0,Active,1736244847.5949793,"[0, 5, 4]"
2,True,4,,0,Active,1736244848.601632,"[0, 5, 4]"
5,True,7,2,576,Active,1736244849.6076894,"[7, 2]"
3,True,2,,0,Active,1736244850.616206,"[7, 2]"
4,True,2,,0,Active,1736244851.6350045,"[7, 2]"
0,True,4,,0,Active,1736244852.6646957,"[0, 5, 4]"
1,True,4,,0,Active,1736244853.6708918,"[0, 5, 4]"
2,True,4,,0,Active,1736244854.6824543,"[0, 5, 4]"
3,True,2,,0,Active,1736244855.7008386,"[7, 2]"
4,True,2,,0,Active,1736244856.7155292,"[7, 2]"
0,True,4,,0,Active,1736244857.723559,"[0, 5, 4]"
1,True,4,,0,Active,1736244858.7291505,"[0, 5, 4]"
2,True,4,,0,Active,1736244859.7357605,"[0, 5, 4]"
3,True,2,,0,Active,1736244860.7508497,"[7, 2]"
4,True,2,,0,Active,1736244861.7584167,"[7, 2]"
0,True,4,,0,Active,1736244862.7652988,"[0, 5, 4]"
1,True,4,,0,Active,1736244863.7709503,"[0, 5, 4]"
2,True,4,,0,Active,1736244864.7766526,"[0, 5, 4]"
3,True,2,,0,Active,1736244865.792247,"[7, 2]"
4,True,2,,0,Active,1736244866.8003592,"[7, 2]"
5,True,2,,0,Active,1736244867.8093247,"[7, 2]"
0,True,4,,0,Active,1736244868.814867,"[0, 5, 4]"
1,True,4,,0,Active,1736244869.836428,"[0, 5, 4]"
2,True,4,,0,Active,1736244870.8550797,"[0, 5, 4]"
3,True,2,,0,Active,1736244871.8625383,"[7, 2]"
4,True,2,,0,Active,1736244872.8688395,"[7, 2]"
5,True,2,,0,Active,1736244873.8771956,"[7, 2]"
0,True,4,,0,Active,1736244874.8895495,"[0, 5, 4]"
1,True,4,,0,Active,1736244875.8953826,"[0, 5, 4]"
2,True,4,,0,Active,1736244876.9008636,"[0, 5, 4]"
3,True,2,,0,Active,1736244877.9217641,"[7, 2]"
4,True,2,,0,Active,1736244878.9296982,"[7, 2]"
5,True,2,,0,Active,1736244879.9370027,"[7, 2]"
0,True,4,,0,Active,1736244880.9463823,"[0, 5, 4]"
1,True,4,,0,Active,1736244881.9521368,"[0, 5, 4]"
2,True,4,,0,Active,1736244882.9582953,"[0, 5, 4]"
3,True,2,,0,Active,1736244883.963893,"[7, 2]"
4,True,2,,0,Active,1736244884.9692404,"[7, 2]"
5,True,2,,0,Active,1736244886.122203,"[7, 2]"
0,True,4,,0,Active,1736244887.1415892,"[0, 5, 4]"
1,True,4,,0,Active,1736244888.1484544,"[0, 5, 4]"
2,True,4,,0,Active,1736244889.167862,"[0, 5, 4]"
3,True,2,,0,Active,1736244890.175421,"[7, 2]"
4,True,2,,0,Active,1736244891.1819515,"[7, 2]"
5,True,2,,0,Active,1736244892.1890512,"[7, 2]"
0,True,4,,0,Active,1736244893.2146633,"[0, 5, 4]"
1,True,4,,0,Active,1736244894.2319775,"[0, 5, 4]"
2,True,4,,0,Active,1736244895.241286,"[0, 5, 4]"
3,True,2,,0,Active,1736244896.2477024,"[7, 2]"
4,True,2,,0,Active,1736244897.2564998,"[7, 2]"
5,True,2,,0,Active,1736244898.265107,"[7, 2]"
0,True,4,,0,Active,1736244899.283353,"[0, 5, 4]"
1,True,4,,0,Active,1736244900.2901387,"[0, 5, 4]"
2,True,4,,0,Active,1736244901.3287332,"[0, 5, 4]"
3,True,2,,0,Active,1736244902.3369772,"[7, 2]"
4,True,2,,0,Active,1736244903.357667,"[7, 2]"
5,True,2,,0,Active,1736244904.366123,"[7, 2]"
0,True,4,,0,Active,1736244905.3856559,"[0, 5, 4]"
1,True,4,,0,Active,1736244906.39329,"[0, 5, 4]"
2,True,4,,0,Active,1736244907.4010415,"[0, 5, 4]"
3,True,2,,0,Active,1736244908.4168484,"[7, 2]"
4,True,2,,0,Active,1736244909.428907,"[7, 2]"
5,True,2,,0,Active,1736244910.435812,"[7, 2]"
0,True,4,,0,Active,1736244911.4570434,"[0, 5, 4]"
1,True,4,,0,Active,1736244912.462608,"[0, 5, 4]"
2,True,4,,0,Active,1736244913.4689684,"[0, 5, 4]"
3,True,2,,0,Active,1736244914.4911585,"[7, 2]"
4,True,2,,0,Active,1736244915.5120175,"[7, 2]"
5,True,2,,0,Active,1736244916.5195506,"[7, 2]"
0,True,4,,0,Active,1736244917.5297155,"[0, 5, 4]"
1,True,4,,0,Active,1736244918.5370703,"[0, 5, 4]"
2,True,4,,0,Active,1736244919.5443387,"[0, 5, 4]"
3,True,2,,0,Active,1736244920.551548,"[7, 2]"
4,True,2,,0,Active,1736244921.5577931,"[7, 2]"
5,True,2,,0,Active,1736244922.5802217,"[7, 2]"
0,True,4,,0,Active,1736244923.6126385,"[0, 5, 4]"
1,True,4,,0,Active,1736244924.6286504,"[0, 5, 4]"
2,True,4,,0,Active,1736244925.6349638,"[0, 5, 4]"
3,True,2,,0,Active,1736244926.6470351,"[7, 2]"
4,True,2,,0,Active,1736244927.6597574,"[7, 2]"
5,True,2,,0,Active,1736244928.6684616,"[7, 2]"
0,True,4,,0,Active,1736244929.7978864,"[0, 5, 4]"
1,True,4,,0,Active,1736244930.8055682,"[0, 5, 4]"
2,True,4,,0,Active,1736244931.8145661,"[0, 5, 4]"
3,True,2,,0,Active,1736244932.8210416,"[7, 2]"
4,True,2,,0,Active,1736244933.8281066,"[7, 2]"
5,True,2,,0,Active,1736244934.8349857,"[7, 2]"
0,True,4,,0,Active,1736244935.8528292,"[0, 5, 4]"
1,True,4,,0,Active,1736244936.867311,"[0, 5, 4]"
2,True,4,,0,Active,1736244937.87632,"[0, 5, 4]"
3,True,2,,0,Active,1736244938.8844275,"[7, 2]"
4,True,2,,0,Active,1736244939.8904617,"[7, 2]"
5,True,2,,0,Active,1736244940.8964944,"[7, 2]"
0,True,4,,0,Active,1736244941.911584,"[0, 5, 4]"
1,True,4,,0,Active,1736244942.917436,"[0, 5, 4]"
2,True,4,,0,Active,1736244943.9256966,"[0, 5, 4]"
3,True,2,,0,Active,1736244944.93226,"[7, 2]"
4,True,2,,0,Active,1736244945.978449,"[7, 2]"
5,True,2,,0,Active,1736244946.9876661,"[7, 2]"
0,True,4,,0,Active,1736244947.9990127,"[0, 5, 4]"
1,True,4,,0,Active,1736244949.0064766,"[0, 5, 4]"
2,True,4,,0,Active,1736244950.0142255,"[0, 5, 4]"
3,True,2,,0,Active,1736244951.0210338,"[7, 2]"
4,True,2,,0,Active,1736244952.0294783,"[7, 2]"
5,True,2,,0,Active,1736244953.0361521,"[7, 2]"
0,True,4,,0,Active,1736244954.069923,"[0, 5, 4]"
1,True,4,,0,Active,1736244955.0766938,"[0, 5, 4]"
2,True,4,,0,Active,1736244956.0831332,"[0, 5, 4]"
3,True,2,,0,Active,1736244957.091857,"[7, 2]"
4,True,2,,0,Active,1736244958.09895,"[7, 2]"
5,True,2,,0,Active,1736244959.104204,"[7, 2]"
0,True,4,,0,Active,1736244960.1146936,"[0, 5, 4]"
1,True,4,,0,Active,1736244961.1209292,"[0, 5, 4]"
2,True,4,,0,Active,1736244962.1278164,"[0, 5, 4]"
3,True,2,,0,Active,1736244963.1344233,"[7, 2]"
4,True,2,,0,Active,1736244964.1411953,"[7, 2]"
5,True,2,,0,Active,1736244965.1479626,"[7, 2]"
0,True,4,,0,Active,1736244966.1642048,"[0, 5, 4]"
1,True,4,,0,Active,1736244967.1689126,"[0, 5, 4]"
2,True,4,,0,Active,1736244968.184412,"[0, 5, 4]"
3,True,2,,0,Active,1736244969.1906214,"[7, 2]"
4,True,2,,0,Active,1736244970.19654,"[7, 2]"
5,True,2,,0,Active,1736244971.2028985,"[7, 2]"
0,True,4,,0,Active,1736244972.3202038,"[0, 5, 4]"
1,True,4,,0,Active,1736244973.327355,"[0, 5, 4]"
2,True,4,,0,Active,1736244974.3336053,"[0, 5, 4]"
3,True,2,,0,Active,1736244975.3468666,"[7, 2]"
4,True,2,,0,Active,1736244976.353882,"[7, 2]"
5,True,2,,0,Active,1736244977.3692558,"[7, 2]"
0,True,4,,0,Active,1736244978.3869724,"[0, 5, 4]"
1,True,4,,0,Active,1736244979.3936975,"[0, 5, 4]"
2,True,4,,0,Active,1736244980.3996806,"[0, 5, 4]"
3,True,2,,0,Active,1736244981.4145114,"[7, 2]"
4,True,2,,0,Active,1736244982.4324362,"[7, 2]"
5,True,2,,0,Active,1736244983.450687,"[7, 2]"
0,True,4,,0,Active,1736244984.4779494,"[0, 5, 4]"
1,True,4,,0,Active,1736244985.4867258,"[0, 5, 4]"
2,True,4,,0,Active,1736244986.4927256,"[0, 5, 4]"
3,True,2,,0,Active,1736244987.4989111,"[7, 2]"
4,True,2,,0,Active,1736244988.5053868,"[7, 2]"
5,True,2,,0,Active,1736244989.5165384,"[7, 2]"
0,True,4,,0,Active,1736244990.5263462,"[0, 5, 4]"
1,True,4,,0,Active,1736244991.5328832,"[0, 5, 4]"
2,True,4,,0,Active,1736244992.5406337,"[0, 5, 4]"
3,True,2,,0,Active,1736244993.5474384,"[7, 2]"
4,True,2,,0,Active,1736244994.5633895,"[7, 2]"
5,True,2,,0,Active,1736244995.5774844,"[7, 2]"
0,True,4,,0,Active,1736244996.6188185,"[0, 5, 4]"
1,True,4,,0,Active,1736244997.62491,"[0, 5, 4]"
2,True,4,,0,Active,1736244998.6371167,"[0, 5, 4]"
3,True,2,,0,Active,1736244999.6527574,"[7, 2]"
4,True,2,,0,Active,1736245000.6596496,"[7, 2]"
5,True,2,,0,Active,1736245001.6666968,"[7, 2]"
0,True,4,,0,Active,1736245002.676685,"[0, 5, 4]"
1,True,4,,0,Active,1736245003.6971533,"[0, 5, 4]"
2,True,4,,0,Active,1736245004.7062628,"[0, 5, 4]"
3,True,2,,0,Active,1736245005.71181,"[7, 2]"
4,True,2,,0,Active,1736245006.7186148,"[7, 2]"
5,True,2,,0,Active,1736245007.7265239,"[7, 2]"
0,True,4,,0,Active,1736245008.7351873,"[0, 5, 4]"
1,True,4,,0,Active,1736245009.740833,"[0, 5, 4]"
2,True,4,,0,Active,1736245010.7470562,"[0, 5, 4]"
3,True,2,,0,Active,1736245011.780738,"[7, 2]"
4,True,2,,0,Active,1736245012.7869046,"[7, 2]"
5,True,2,,0,Active,1736245013.7957609,"[7, 2]"
0,True,4,,0,Active,1736245014.9229465,"[0, 5, 4]"
1,True,4,,0,Active,1736245015.9289064,"[0, 5, 4]"
2,True,4,,0,Active,1736245016.9353247,"[0, 5, 4]"
3,True,2,,0,Active,1736245017.9575381,"[7, 2]"
4,True,2,,0,Active,1736245018.9641216,"[7, 2]"
5,True,2,,0,Active,1736245019.976686,"[7, 2]"
0,True,4,,0,Active,1736245020.9913747,"[0, 5, 4]"
1,True,4,,0,Active,1736245021.9996805,"[0, 5, 4]"
2,True,4,,0,Active,1736245023.0053957,"[0, 5, 4]"
3,True,2,,0,Active,1736245024.0142322,"[7, 2]"
4,True,2,,0,Active,1736245025.0206065,"[7, 2]"
5,True,2,,0,Active,1736245026.02787,"[7, 2]"
0,True,4,,0,Active,1736245027.0703495,"[0, 5, 4]"
1,True,4,,0,Active,1736245028.084949,"[0, 5, 4]"
2,True,4,,0,Active,1736245029.094143,"[0, 5, 4]"
3,True,2,,0,Active,1736245029.9236403,"[7, 2]"
0,True,,,0,Active,1736245160.4448345,[]
1,True,,,0,Active,1736245161.7853253,[]
2,True,,,0,Active,1736245163.3508604,[]
3,True,,,0,Active,1736245164.6001952,[]
4,True,,,0,Active,1736245165.7786214,[]
5,True,,,0,Active,1736245167.0320845,[]
0,True,0,5,240,Active,1736245168.039493,"[0, 5, 4]"
0,True,5,4,2208,Active,1736245169.0660434,"[0, 5, 4]"
0,True,4,,0,Active,1736245170.522898,"[0, 5, 4]"
1,True,0,5,240,Active,1736245171.5417225,"[0, 5, 4]"
0,True,4,,0,Active,1736245172.5915885,"[0, 5, 4]"
0,True,4,,0,Active,1736245173.6074493,"[0, 5, 4]"
0,True,4,,0,Active,1736245174.6265042,"[0, 5, 4]"
2,True,0,5,240,Active,1736245175.6448925,"[0, 5, 4]"
0,True,4,,0,Active,1736245176.6512995,"[0, 5, 4]"
1,True,5,4,2208,Active,1736245177.6614945,"[0, 5, 4]"
0,True,4,,0,Active,1736245178.6710074,"[0, 5, 4]"
0,True,4,,0,Active,1736245179.7122316,"[0, 5, 4]"
0,True,4,,0,Active,1736245180.7767072,"[0, 5, 4]"
2,True,5,4,2208,Active,1736245182.0128012,"[0, 5, 4]"
0,True,4,,0,Active,1736245183.0268764,"[0, 5, 4]"
1,True,4,,0,Active,1736245184.0459876,"[0, 5, 4]"
0,True,4,,0,Active,1736245185.0644543,"[0, 5, 4]"
1,True,4,,0,Active,1736245186.0793874,"[0, 5, 4]"
0,True,4,,0,Active,1736245187.0884793,"[0, 5, 4]"
1,True,4,,0,Active,1736245188.1000834,"[0, 5, 4]"
3,True,7,2,576,Active,1736245189.108451,"[7, 2]"
0,True,4,,0,Active,1736245190.1169057,"[0, 5, 4]"
1,True,4,,0,Active,1736245191.1289816,"[0, 5, 4]"
2,True,4,,0,Active,1736245192.137053,"[0, 5, 4]"
0,True,4,,0,Active,1736245193.1461298,"[0, 5, 4]"
1,True,4,,0,Active,1736245194.1612086,"[0, 5, 4]"
2,True,4,,0,Active,1736245195.1689417,"[0, 5, 4]"
4,True,7,2,576,Active,1736245196.1788752,"[7, 2]"
0,True,4,,0,Active,1736245197.1862004,"[0, 5, 4]"
1,True,4,,0,Active,1736245198.1934226,"[0, 5, 4]"
2,True,4,,0,Active,1736245199.1997948,"[0, 5, 4]"
0,True,4,,0,Active,1736245200.2076764,"[0, 5, 4]"
1,True,4,,0,Active,1736245201.2162094,"[0, 5, 4]"
2,True,4,,0,Active,1736245202.2307758,"[0, 5, 4]"
3,True,2,,0,Active,1736245204.0239906,"[7, 2]"
0,True,4,,0,Active,1736245205.0652356,"[0, 5, 4]"
1,True,4,,0,Active,1736245206.0773046,"[0, 5, 4]"
2,True,4,,0,Active,1736245207.0923314,"[0, 5, 4]"
3,True,2,,0,Active,1736245208.1292758,"[7, 2]"
4,True,2,,0,Active,1736245209.1707382,"[7, 2]"
0,True,4,,0,Active,1736245210.197418,"[0, 5, 4]"
1,True,4,,0,Active,1736245211.2047472,"[0, 5, 4]"
2,True,4,,0,Active,1736245212.215665,"[0, 5, 4]"
5,True,,,0,Active,1736245213.223312,[]
3,True,2,,0,Active,1736245214.2445304,"[7, 2]"
4,True,2,,0,Active,1736245215.2519956,"[7, 2]"
0,True,4,,0,Active,1736245216.2625608,"[0, 5, 4]"
1,True,4,,0,Active,1736245217.2780938,"[0, 5, 4]"
2,True,4,,0,Active,1736245218.2852411,"[0, 5, 4]"
3,True,2,,0,Active,1736245219.2932298,"[7, 2]"
4,True,2,,0,Active,1736245220.311339,"[7, 2]"
0,True,4,,0,Active,1736245221.3341546,"[0, 5, 4]"
1,True,4,,0,Active,1736245222.3496616,"[0, 5, 4]"
2,True,4,,0,Active,1736245223.368682,"[0, 5, 4]"
3,True,2,,0,Active,1736245224.3864105,"[7, 2]"
4,True,2,,0,Active,1736245225.4087849,"[7, 2]"
0,True,4,,0,Active,1736245226.421191,"[0, 5, 4]"
1,True,4,,0,Active,1736245227.4272523,"[0, 5, 4]"
2,True,4,,0,Active,1736245228.4382436,"[0, 5, 4]"
3,True,2,,0,Active,1736245229.4615505,"[7, 2]"
4,True,2,,0,Active,1736245230.4678984,"[7, 2]"
0,True,4,,0,Active,1736245231.4823382,"[0, 5, 4]"
1,True,4,,0,Active,1736245232.488916,"[0, 5, 4]"
2,True,4,,0,Active,1736245233.4954474,"[0, 5, 4]"
5,True,7,2,576,Active,1736245234.5030472,"[7, 2]"
3,True,2,,0,Active,1736245235.511531,"[7, 2]"
4,True,2,,0,Active,1736245236.5270128,"[7, 2]"
0,True,4,,0,Active,1736245237.539957,"[0, 5, 4]"
1,True,4,,0,Active,1736245238.5474577,"[0, 5, 4]"
2,True,4,,0,Active,1736245239.5545206,"[0, 5, 4]"
5,True,7,2,576,Active,1736245240.5631778,"[7, 2]"
3,True,2,,0,Active,1736245241.57217,"[7, 2]"
4,True,2,,0,Active,1736245242.5797029,"[7, 2]"
0,True,4,,0,Active,1736245243.839693,"[0, 5, 4]"
1,True,4,,0,Active,1736245244.8486269,"[0, 5, 4]"
2,True,4,,0,Active,1736245245.8614485,"[0, 5, 4]"
3,True,2,,0,Active,1736245246.869046,"[7, 2]"
4,True,2,,0,Active,1736245247.8764591,"[7, 2]"
0,True,4,,0,Active,1736245248.8968842,"[0, 5, 4]"
1,True,4,,0,Active,1736245249.908713,"[0, 5, 4]"
2,True,4,,0,Active,1736245250.9153547,"[0, 5, 4]"
3,True,2,,0,Active,1736245251.9219532,"[7, 2]"
4,True,2,,0,Active,1736245252.9280815,"[7, 2]"
0,True,4,,0,Active,1736245253.9558454,"[0, 5, 4]"
1,True,4,,0,Active,1736245254.9631605,"[0, 5, 4]"
2,True,4,,0,Active,1736245255.969305,"[0, 5, 4]"
3,True,2,,0,Active,1736245256.9753444,"[7, 2]"
4,True,2,,0,Active,1736245257.9813383,"[7, 2]"
5,True,2,,0,Active,1736245258.9888175,"[7, 2]"
0,True,4,,0,Active,1736245259.9995544,"[0, 5, 4]"
1,True,4,,0,Active,1736245261.0349104,"[0, 5, 4]"
2,True,4,,0,Active,1736245262.0417216,"[0, 5, 4]"
3,True,2,,0,Active,1736245263.0477643,"[7, 2]"
4,True,2,,0,Active,1736245264.0776553,"[7, 2]"
5,True,2,,0,Active,1736245265.0990057,"[7, 2]"
0,True,4,,0,Active,1736245266.1102514,"[0, 5, 4]"
1,True,4,,0,Active,1736245267.1175685,"[0, 5, 4]"
2,True,4,,0,Active,1736245268.1311898,"[0, 5, 4]"
3,True,2,,0,Active,1736245269.1403532,"[7, 2]"
4,True,2,,0,Active,1736245270.1735861,"[7, 2]"
5,True,2,,0,Active,1736245271.178977,"[7, 2]"
0,True,4,,0,Active,1736245272.1911123,"[0, 5, 4]"
1,True,4,,0,Active,1736245273.1983902,"[0, 5, 4]"
2,True,4,,0,Active,1736245274.2091515,"[0, 5, 4]"
3,True,2,,0,Active,1736245275.2155833,"[7, 2]"
4,True,2,,0,Active,1736245276.2466877,"[7, 2]"
5,True,2,,0,Active,1736245277.2529016,"[7, 2]"
0,True,4,,0,Active,1736245278.2639263,"[0, 5, 4]"
1,True,4,,0,Active,1736245279.2708132,"[0, 5, 4]"
2,True,4,,0,Active,1736245280.2782123,"[0, 5, 4]"
3,True,2,,0,Active,1736245281.2843833,"[7, 2]"
4,True,2,,0,Active,1736245282.2906315,"[7, 2]"
5,True,2,,0,Active,1736245283.2964373,"[7, 2]"
0,True,4,,0,Active,1736245284.5261955,"[0, 5, 4]"
1,True,4,,0,Active,1736245285.537855,"[0, 5, 4]"
2,True,4,,0,Active,1736245286.5441067,"[0, 5, 4]"
3,True,2,,0,Active,1736245287.567683,"[7, 2]"
4,True,2,,0,Active,1736245288.573763,"[7, 2]"
5,True,2,,0,Active,1736245289.5943716,"[7, 2]"
0,True,4,,0,Active,1736245290.6313708,"[0, 5, 4]"
1,True,4,,0,Active,1736245291.6445875,"[0, 5, 4]"
2,True,4,,0,Active,1736245292.6502426,"[0, 5, 4]"
3,True,2,,0,Active,1736245293.6586676,"[7, 2]"
4,True,2,,0,Active,1736245294.6775844,"[7, 2]"
5,True,2,,0,Active,1736245295.684227,"[7, 2]"
0,True,4,,0,Active,1736245296.694974,"[0, 5, 4]"
1,True,4,,0,Active,1736245297.7004275,"[0, 5, 4]"
2,True,4,,0,Active,1736245298.707255,"[0, 5, 4]"
3,True,2,,0,Active,1736245299.7295272,"[7, 2]"
4,True,2,,0,Active,1736245300.7656035,"[7, 2]"
5,True,2,,0,Active,1736245301.7720206,"[7, 2]"
0,True,4,,0,Active,1736245730.2257185,"[0, 5, 4]"
1,True,4,,0,Active,1736245731.3708086,"[0, 5, 4]"
2,True,4,,0,Active,1736245732.4655194,"[0, 5, 4]"
3,True,2,,0,Active,1736245733.4756136,"[7, 2]"
4,True,2,,0,Active,1736245734.493598,"[7, 2]"
5,True,2,,0,Active,1736245735.5064745,"[7, 2]"
0,True,4,,0,Active,1736245736.5198853,"[0, 5, 4]"
1,True,4,,0,Active,1736245737.5257046,"[0, 5, 4]"
2,True,4,,0,Active,1736245738.532227,"[0, 5, 4]"
3,True,2,,0,Active,1736245739.5425613,"[7, 2]"
4,True,2,,0,Active,1736245740.5485659,"[7, 2]"
5,True,2,,0,Active,1736245741.5551448,"[7, 2]"
0,True,4,,0,Active,1736245742.5677392,"[0, 5, 4]"
1,True,4,,0,Active,1736245743.5738797,"[0, 5, 4]"
2,True,4,,0,Active,1736245744.5790834,"[0, 5, 4]"
3,True,2,,0,Active,1736245745.586675,"[7, 2]"
4,True,2,,0,Active,1736245746.5956683,"[7, 2]"
5,True,2,,0,Active,1736245747.6029377,"[7, 2]"
0,True,4,,0,Active,1736245748.6156113,"[0, 5, 4]"
1,True,4,,0,Active,1736245749.6241782,"[0, 5, 4]"
2,True,4,,0,Active,1736245750.6308408,"[0, 5, 4]"
3,True,2,,0,Active,1736245751.6371083,"[7, 2]"
4,True,2,,0,Active,1736245752.6428914,"[7, 2]"
5,True,2,,0,Active,1736245753.6477904,"[7, 2]"
0,True,4,,0,Active,1736245754.86118,"[0, 5, 4]"
1,True,4,,0,Active,1736245755.87368,"[0, 5, 4]"
2,True,4,,0,Active,1736245756.879648,"[0, 5, 4]"
3,True,2,,0,Active,1736245757.8866315,"[7, 2]"
4,True,2,,0,Active,1736245758.8919988,"[7, 2]"
5,True,2,,0,Active,1736245759.8979964,"[7, 2]"
0,True,4,,0,Active,1736245760.92458,"[0, 5, 4]"
1,True,4,,0,Active,1736245761.9305348,"[0, 5, 4]"
2,True,4,,0,Active,1736245762.9400265,"[0, 5, 4]"
3,True,2,,0,Active,1736245763.9472764,"[7, 2]"
4,True,2,,0,Active,1736245764.9539957,"[7, 2]"
5,True,2,,0,Active,1736245765.9605155,"[7, 2]"
0,True,4,,0,Active,1736245766.9673467,"[0, 5, 4]"
1,True,4,,0,Active,1736245767.9765978,"[0, 5, 4]"
2,True,4,,0,Active,1736245768.9819887,"[0, 5, 4]"
3,True,2,,0,Active,1736245769.9883058,"[7, 2]"
4,True,2,,0,Active,1736245770.9944727,"[7, 2]"
5,True,2,,0,Active,1736245772.0025413,"[7, 2]"
0,True,4,,0,Active,1736245773.0086107,"[0, 5, 4]"
1,True,4,,0,Active,1736245774.0141842,"[0, 5, 4]"
2,True,4,,0,Active,1736245775.0206783,"[0, 5, 4]"
3,True,2,,0,Active,1736245776.0268524,"[7, 2]"
4,True,2,,0,Active,1736245777.0346553,"[7, 2]"
5,True,2,,0,Active,1736245778.0400798,"[7, 2]"
0,True,4,,0,Active,1736245779.045315,"[0, 5, 4]"
1,True,4,,0,Active,1736245780.0532923,"[0, 5, 4]"
2,True,4,,0,Active,1736245781.0623262,"[0, 5, 4]"
3,True,2,,0,Active,1736245782.0831568,"[7, 2]"
4,True,2,,0,Active,1736245783.089368,"[7, 2]"
5,True,2,,0,Active,1736245784.0946324,"[7, 2]"
0,True,4,,0,Active,1736245785.100228,"[0, 5, 4]"
1,True,4,,0,Active,1736245786.1060343,"[0, 5, 4]"
2,True,4,,0,Active,1736245787.1145773,"[0, 5, 4]"
3,True,2,,0,Active,1736245788.1228585,"[7, 2]"
4,True,2,,0,Active,1736245789.1286526,"[7, 2]"
5,True,2,,0,Active,1736245790.136509,"[7, 2]"
0,True,4,,0,Active,1736245791.1430733,"[0, 5, 4]"
1,True,4,,0,Active,1736245792.1493363,"[0, 5, 4]"
2,True,4,,0,Active,1736245793.154657,"[0, 5, 4]"
3,True,2,,0,Active,1736245794.1738417,"[7, 2]"
4,True,2,,0,Active,1736245795.198932,"[7, 2]"
5,True,2,,0,Active,1736245796.2059667,"[7, 2]"
0,True,4,,0,Active,1736247286.6333044,"[0, 5, 4]"
1,True,4,,0,Active,1736247287.6403804,"[0, 5, 4]"
2,True,4,,0,Active,1736247288.6551576,"[0, 5, 4]"
3,True,2,,0,Active,1736247289.6603796,"[7, 2]"
4,True,2,,0,Active,1736247290.7614617,"[7, 2]"
5,True,2,,0,Active,1736247291.774739,"[7, 2]"
0,True,4,,0,Active,1736247292.8180141,"[0, 5, 4]"
1,True,4,,0,Active,1736247293.8260767,"[0, 5, 4]"
2,True,4,,0,Active,1736247294.8371928,"[0, 5, 4]"
3,True,2,,0,Active,1736247295.8434355,"[7, 2]"
4,True,2,,0,Active,1736247296.8489902,"[7, 2]"
5,True,2,,0,Active,1736247297.854837,"[7, 2]"
0,True,4,,0,Active,1736247298.8690023,"[0, 5, 4]"
1,True,4,,0,Active,1736247299.8768659,"[0, 5, 4]"
2,True,4,,0,Active,1736247300.8842854,"[0, 5, 4]"
3,True,2,,0,Active,1736247301.8916194,"[7, 2]"
4,True,2,,0,Active,1736247302.896993,"[7, 2]"
5,True,2,,0,Active,1736247303.9023223,"[7, 2]"
0,True,4,,0,Active,1736247304.9154875,"[0, 5, 4]"
1,True,4,,0,Active,1736247305.922392,"[0, 5, 4]"
2,True,4,,0,Active,1736247306.9288383,"[0, 5, 4]"
3,True,2,,0,Active,1736247307.9345477,"[7, 2]"
4,True,2,,0,Active,1736247308.9410613,"[7, 2]"
5,True,2,,0,Active,1736247309.9488862,"[7, 2]"
0,True,4,,0,Active,1736247310.9623284,"[0, 5, 4]"
1,True,4,,0,Active,1736247311.9676542,"[0, 5, 4]"
2,True,4,,0,Active,1736247312.9730055,"[0, 5, 4]"
3,True,2,,0,Active,1736247313.9797137,"[7, 2]"
4,True,2,,0,Active,1736247314.9852815,"[7, 2]"
5,True,2,,0,Active,1736247315.9901586,"[7, 2]"
0,True,4,,0,Active,1736247316.9975328,"[0, 5, 4]"
1,True,4,,0,Active,1736247318.004257,"[0, 5, 4]"
2,True,4,,0,Active,1736247319.0100987,"[0, 5, 4]"
3,True,2,,0,Active,1736247320.0163143,"[7, 2]"
4,True,2,,0,Active,1736247321.0226495,"[7, 2]"
5,True,2,,0,Active,1736247322.0284057,"[7, 2]"
0,True,4,,0,Active,1736247323.035429,"[0, 5, 4]"
1,True,4,,0,Active,1736247324.0424068,"[0, 5, 4]"
2,True,4,,0,Active,1736247325.0478957,"[0, 5, 4]"
3,True,2,,0,Active,1736247326.0538957,"[7, 2]"
4,True,2,,0,Active,1736247327.0949337,"[7, 2]"
5,True,2,,0,Active,1736247328.1019864,"[7, 2]"
0,True,4,,0,Active,1736247329.1989045,"[0, 5, 4]"
1,True,4,,0,Active,1736247330.2051077,"[0, 5, 4]"
2,True,4,,0,Active,1736247331.2120461,"[0, 5, 4]"
3,True,2,,0,Active,1736247332.2191598,"[7, 2]"
4,True,2,,0,Active,1736247333.2271357,"[7, 2]"
5,True,2,,0,Active,1736247334.2332954,"[7, 2]"
0,True,4,,0,Active,1736247335.2758257,"[0, 5, 4]"
1,True,4,,0,Active,1736247336.4149098,"[0, 5, 4]"
2,True,4,,0,Active,1736247337.5899997,"[0, 5, 4]"
3,True,2,,0,Active,1736247338.6081207,"[7, 2]"
4,True,2,,0,Active,1736247339.6823514,"[7, 2]"
5,True,2,,0,Active,1736247340.7574303,"[7, 2]"
0,True,4,,0,Active,1736247341.7675033,"[0, 5, 4]"
1,True,4,,0,Active,1736247342.8035812,"[0, 5, 4]"
2,True,4,,0,Active,1736247343.8406563,"[0, 5, 4]"
3,True,2,,0,Active,1736247344.84973,"[7, 2]"
4,True,2,,0,Active,1736247345.860579,"[7, 2]"
5,True,2,,0,Active,1736247346.8666914,"[7, 2]"
0,True,4,,0,Active,1736247347.8766527,"[0, 5, 4]"
1,True,4,,0,Active,1736247348.8824348,"[0, 5, 4]"
2,True,4,,0,Active,1736247349.8888624,"[0, 5, 4]"
3,True,2,,0,Active,1736247350.8940814,"[7, 2]"
4,True,2,,0,Active,1736247351.9002144,"[7, 2]"
5,True,2,,0,Active,1736247352.913918,"[7, 2]"
0,True,4,,0,Active,1736247353.926363,"[0, 5, 4]"
1,True,4,,0,Active,1736247354.9325404,"[0, 5, 4]"
2,True,4,,0,Active,1736247355.9395242,"[0, 5, 4]"
3,True,2,,0,Active,1736247356.9464433,"[7, 2]"
4,True,2,,0,Active,1736247357.9541316,"[7, 2]"
5,True,2,,0,Active,1736247358.960216,"[7, 2]"
0,True,4,,0,Active,1736247359.9721344,"[0, 5, 4]"
1,True,4,,0,Active,1736247360.9770112,"[0, 5, 4]"
2,True,4,,0,Active,1736247361.98297,"[0, 5, 4]"
3,True,2,,0,Active,1736247362.988104,"[7, 2]"
4,True,2,,0,Active,1736247363.9937897,"[7, 2]"
5,True,2,,0,Active,1736247365.0005662,"[7, 2]"
0,True,4,,0,Active,1736247366.0129166,"[0, 5, 4]"
1,True,4,,0,Active,1736247367.0183883,"[0, 5, 4]"
2,True,4,,0,Active,1736247368.0253298,"[0, 5, 4]"
3,True,2,,0,Active,1736247369.031074,"[7, 2]"
4,True,2,,0,Active,1736247370.0364263,"[7, 2]"
5,True,2,,0,Active,1736247371.0425992,"[7, 2]"
0,True,4,,0,Active,1736247372.1478631,"[0, 5, 4]"
1,True,4,,0,Active,1736247373.153731,"[0, 5, 4]"
2,True,4,,0,Active,1736247374.1597364,"[0, 5, 4]"
3,True,2,,0,Active,1736247375.1656559,"[7, 2]"
4,True,2,,0,Active,1736247376.1709588,"[7, 2]"
5,True,2,,0,Active,1736247377.1767144,"[7, 2]"
0,True,4,,0,Active,1736247378.2240036,"[0, 5, 4]"
1,True,4,,0,Active,1736247379.2314093,"[0, 5, 4]"
2,True,4,,0,Active,1736247380.2516758,"[0, 5, 4]"
3,True,2,,0,Active,1736247381.2586842,"[7, 2]"
4,True,2,,0,Active,1736247382.2718506,"[7, 2]"
5,True,2,,0,Active,1736247383.278448,"[7, 2]"
0,True,4,,0,Active,1736247384.3056228,"[0, 5, 4]"
1,True,4,,0,Active,1736247385.3128552,"[0, 5, 4]"
2,True,4,,0,Active,1736247386.3300757,"[0, 5, 4]"
3,True,2,,0,Active,1736247387.3434632,"[7, 2]"
4,True,2,,0,Active,1736247388.3759713,"[7, 2]"
5,True,2,,0,Active,1736247389.3883152,"[7, 2]"
0,True,4,,0,Active,1736247390.3956254,"[0, 5, 4]"
1,True,4,,0,Active,1736247391.402236,"[0, 5, 4]"
2,True,4,,0,Active,1736247392.4109051,"[0, 5, 4]"
3,True,2,,0,Active,1736247393.4181788,"[7, 2]"
4,True,2,,0,Active,1736247394.4333322,"[7, 2]"
5,True,2,,0,Active,1736247395.442013,"[7, 2]"
0,True,4,,0,Active,1736247396.4612103,"[0, 5, 4]"
1,True,4,,0,Active,1736247397.4703572,"[0, 5, 4]"
2,True,4,,0,Active,1736247398.4762442,"[0, 5, 4]"
3,True,2,,0,Active,1736247399.4818456,"[7, 2]"
4,True,2,,0,Active,1736247400.4897718,"[7, 2]"
5,True,2,,0,Active,1736247401.4966488,"[7, 2]"
0,True,4,,0,Active,1736247402.5059156,"[0, 5, 4]"
1,True,4,,0,Active,1736247403.5134547,"[0, 5, 4]"
2,True,4,,0,Active,1736247404.5226684,"[0, 5, 4]"
3,True,2,,0,Active,1736247405.534397,"[7, 2]"
4,True,2,,0,Active,1736247406.572466,"[7, 2]"
5,True,2,,0,Active,1736247407.5796967,"[7, 2]"
0,True,4,,0,Active,1736247408.5896869,"[0, 5, 4]"
1,True,4,,0,Active,1736247409.5967395,"[0, 5, 4]"
2,True,4,,0,Active,1736247410.6033924,"[0, 5, 4]"
3,True,2,,0,Active,1736247411.6102412,"[7, 2]"
4,True,2,,0,Active,1736247412.6185036,"[7, 2]"
5,True,2,,0,Active,1736247413.624602,"[7, 2]"
0,True,4,,0,Active,1736247414.7448127,"[0, 5, 4]"
1,True,4,,0,Active,1736247415.7506437,"[0, 5, 4]"
2,True,4,,0,Active,1736247416.758753,"[0, 5, 4]"
3,True,2,,0,Active,1736247417.797063,"[7, 2]"
4,True,2,,0,Active,1736247418.849081,"[7, 2]"
5,True,2,,0,Active,1736247419.8584523,"[7, 2]"
0,True,4,,0,Active,1736247420.8954396,"[0, 5, 4]"
1,True,4,,0,Active,1736247421.9076004,"[0, 5, 4]"
2,True,4,,0,Active,1736247422.9176779,"[0, 5, 4]"
3,True,2,,0,Active,1736247423.9297907,"[7, 2]"
4,True,2,,0,Active,1736247424.961077,"[7, 2]"
5,True,2,,0,Active,1736247425.9698017,"[7, 2]"
0,True,4,,0,Active,1736247426.987325,"[0, 5, 4]"
1,True,4,,0,Active,1736247427.9970922,"[0, 5, 4]"
2,True,4,,0,Active,1736247429.0037384,"[0, 5, 4]"
3,True,2,,0,Active,1736247430.0107918,"[7, 2]"
4,True,2,,0,Active,1736247431.0187407,"[7, 2]"
5,True,2,,0,Active,1736247432.0243065,"[7, 2]"
0,True,4,,0,Active,1736247433.0405893,"[0, 5, 4]"
1,True,4,,0,Active,1736247434.079087,"[0, 5, 4]"
2,True,4,,0,Active,1736247435.0863447,"[0, 5, 4]"
3,True,2,,0,Active,1736247436.0922153,"[7, 2]"
4,True,2,,0,Active,1736247437.1001093,"[7, 2]"
5,True,2,,0,Active,1736247438.1078062,"[7, 2]"
0,True,4,,0,Active,1736247439.122251,"[0, 5, 4]"
1,True,4,,0,Active,1736247440.1291113,"[0, 5, 4]"
2,True,4,,0,Active,1736247441.1597307,"[0, 5, 4]"
3,True,2,,0,Active,1736247442.166636,"[7, 2]"
4,True,2,,0,Active,1736247443.1734462,"[7, 2]"
5,True,2,,0,Active,1736247444.1793458,"[7, 2]"
0,True,4,,0,Active,1736247445.1901326,"[0, 5, 4]"
1,True,4,,0,Active,1736247446.2031896,"[0, 5, 4]"
2,True,4,,0,Active,1736247447.2087529,"[0, 5, 4]"
3,True,2,,0,Active,1736247448.2368398,"[7, 2]"
4,True,2,,0,Active,1736247449.2438016,"[7, 2]"
5,True,2,,0,Active,1736247450.249033,"[7, 2]"
0,True,4,,0,Active,1736251171.14154,"[0, 5, 4]"
1,True,4,,0,Active,1736251172.2096157,"[0, 5, 4]"
2,True,4,,0,Active,1736251173.2236938,"[0, 5, 4]"
3,True,2,,0,Active,1736251174.2347696,"[7, 2]"
4,True,2,,0,Active,1736251175.2418406,"[7, 2]"
5,True,2,,0,Active,1736251176.2468145,"[7, 2]"
0,True,4,,0,Active,1736251177.476398,"[0, 5, 4]"
1,True,4,,0,Active,1736251178.504406,"[0, 5, 4]"
2,True,4,,0,Active,1736251179.5112607,"[0, 5, 4]"
3,True,2,,0,Active,1736251180.517049,"[7, 2]"
4,True,2,,0,Active,1736251181.5244946,"[7, 2]"
5,True,2,,0,Active,1736251182.5308352,"[7, 2]"
0,True,4,,0,Active,1736251183.5630233,"[0, 5, 4]"
1,True,4,,0,Active,1736251184.5694768,"[0, 5, 4]"
2,True,4,,0,Active,1736251185.5780377,"[0, 5, 4]"
3,True,2,,0,Active,1736251186.6294143,"[7, 2]"
4,True,2,,0,Active,1736251187.7119174,"[7, 2]"
5,True,2,,0,Active,1736251188.7190392,"[7, 2]"
0,True,4,,0,Active,1736251189.7570019,"[0, 5, 4]"
1,True,4,,0,Active,1736251190.7695642,"[0, 5, 4]"
2,True,4,,0,Active,1736251191.7764878,"[0, 5, 4]"
3,True,2,,0,Active,1736251192.787896,"[7, 2]"
4,True,2,,0,Active,1736251193.8082857,"[7, 2]"
5,True,2,,0,Active,1736251194.813974,"[7, 2]"
0,True,4,,0,Active,1736251195.8264012,"[0, 5, 4]"
1,True,4,,0,Active,1736251196.8313653,"[0, 5, 4]"
2,True,4,,0,Active,1736251197.836896,"[0, 5, 4]"
3,True,2,,0,Active,1736251198.8434463,"[7, 2]"
4,True,2,,0,Active,1736251199.850208,"[7, 2]"
5,True,2,,0,Active,1736251200.8561492,"[7, 2]"
0,True,4,,0,Active,1736251201.863917,"[0, 5, 4]"
1,True,4,,0,Active,1736251202.8697581,"[0, 5, 4]"
2,True,4,,0,Active,1736251203.875058,"[0, 5, 4]"
3,True,2,,0,Active,1736251204.8819516,"[7, 2]"
4,True,2,,0,Active,1736251205.9032037,"[7, 2]"
5,True,2,,0,Active,1736251206.9163952,"[7, 2]"
0,True,4,,0,Active,1736251207.924672,"[0, 5, 4]"
1,True,4,,0,Active,1736251208.9323134,"[0, 5, 4]"
2,True,4,,0,Active,1736251209.9389975,"[0, 5, 4]"
3,True,2,,0,Active,1736251210.944662,"[7, 2]"
4,True,2,,0,Active,1736251211.9523182,"[7, 2]"
5,True,2,,0,Active,1736251212.958862,"[7, 2]"
0,True,4,,0,Active,1736251213.9691727,"[0, 5, 4]"
1,True,4,,0,Active,1736251214.9790556,"[0, 5, 4]"
2,True,4,,0,Active,1736251215.9863663,"[0, 5, 4]"
3,True,2,,0,Active,1736251216.9937718,"[7, 2]"
4,True,2,,0,Active,1736251217.9998167,"[7, 2]"
5,True,2,,0,Active,1736251219.0053282,"[7, 2]"
0,True,4,,0,Active,1736251220.34075,"[0, 5, 4]"
1,True,4,,0,Active,1736251221.350713,"[0, 5, 4]"
2,True,4,,0,Active,1736251222.3572793,"[0, 5, 4]"
3,True,2,,0,Active,1736251223.3667595,"[7, 2]"
4,True,2,,0,Active,1736251224.4017227,"[7, 2]"
5,True,2,,0,Active,1736251225.4487677,"[7, 2]"
0,True,4,,0,Active,1736251226.482093,"[0, 5, 4]"
1,True,4,,0,Active,1736251227.5577712,"[0, 5, 4]"
2,True,4,,0,Active,1736251228.637799,"[0, 5, 4]"
3,True,2,,0,Active,1736251229.6444855,"[7, 2]"
4,True,2,,0,Active,1736251230.6544192,"[7, 2]"
5,True,2,,0,Active,1736251231.6752174,"[7, 2]"
0,True,4,,0,Active,1736251232.6977684,"[0, 5, 4]"
1,True,4,,0,Active,1736251233.7057872,"[0, 5, 4]"
2,True,4,,0,Active,1736251234.7154634,"[0, 5, 4]"
3,True,2,,0,Active,1736251235.7211313,"[7, 2]"
4,True,2,,0,Active,1736251236.7269068,"[7, 2]"
5,True,2,,0,Active,1736251237.7368107,"[7, 2]"
0,True,4,,0,Active,1736251238.7434967,"[0, 5, 4]"
1,True,4,,0,Active,1736251239.7613926,"[0, 5, 4]"
2,True,4,,0,Active,1736251240.8423235,"[0, 5, 4]"
3,True,2,,0,Active,1736251241.8493967,"[7, 2]"
4,True,2,,0,Active,1736251242.8567793,"[7, 2]"
5,True,2,,0,Active,1736251243.8620963,"[7, 2]"
0,True,4,,0,Active,1736251244.8774524,"[0, 5, 4]"
1,True,4,,0,Active,1736251245.9289856,"[0, 5, 4]"
2,True,4,,0,Active,1736251247.0410697,"[0, 5, 4]"
3,True,2,,0,Active,1736251248.158154,"[7, 2]"
4,True,2,,0,Active,1736251249.173885,"[7, 2]"
5,True,2,,0,Active,1736251250.180858,"[7, 2]"
0,True,4,,0,Active,1736251251.2007427,"[0, 5, 4]"
1,True,4,,0,Active,1736251252.205922,"[0, 5, 4]"
2,True,4,,0,Active,1736251253.2159088,"[0, 5, 4]"
3,True,2,,0,Active,1736251254.2322474,"[7, 2]"
4,True,2,,0,Active,1736251255.238595,"[7, 2]"
5,True,2,,0,Active,1736251256.2442486,"[7, 2]"
0,True,4,,0,Active,1736251257.257578,"[0, 5, 4]"
1,True,4,,0,Active,1736251258.268224,"[0, 5, 4]"
2,True,4,,0,Active,1736251259.278709,"[0, 5, 4]"
3,True,2,,0,Active,1736251260.2867322,"[7, 2]"
4,True,2,,0,Active,1736251261.2959528,"[7, 2]"
5,True,2,,0,Active,1736251262.3028913,"[7, 2]"
0,True,4,,0,Active,1736251263.4557085,"[0, 5, 4]"
1,True,4,,0,Active,1736251264.461673,"[0, 5, 4]"
2,True,4,,0,Active,1736251265.468649,"[0, 5, 4]"
3,True,2,,0,Active,1736251266.5035684,"[7, 2]"
4,True,2,,0,Active,1736251267.5098565,"[7, 2]"
5,True,2,,0,Active,1736251268.5184188,"[7, 2]"
0,True,4,,0,Active,1736251269.5777729,"[0, 5, 4]"
1,True,4,,0,Active,1736251270.585577,"[0, 5, 4]"
2,True,4,,0,Active,1736251271.5924807,"[0, 5, 4]"
3,True,2,,0,Active,1736251272.617796,"[7, 2]"
4,True,2,,0,Active,1736251273.6849186,"[7, 2]"
5,True,2,,0,Active,1736251274.6920984,"[7, 2]"
0,True,4,,0,Active,1736251275.7117553,"[0, 5, 4]"
1,True,4,,0,Active,1736251276.7183402,"[0, 5, 4]"
2,True,4,,0,Active,1736251277.7295156,"[0, 5, 4]"
3,True,2,,0,Active,1736251278.7362883,"[7, 2]"
4,True,2,,0,Active,1736251279.7635272,"[7, 2]"
5,True,2,,0,Active,1736251280.772418,"[7, 2]"
0,True,4,,0,Active,1736251281.780885,"[0, 5, 4]"
1,True,4,,0,Active,1736251282.787687,"[0, 5, 4]"
2,True,4,,0,Active,1736251283.7938886,"[0, 5, 4]"
3,True,2,,0,Active,1736251284.8076193,"[7, 2]"
4,True,2,,0,Active,1736251285.8137922,"[7, 2]"
5,True,2,,0,Active,1736251286.81972,"[7, 2]"
0,True,4,,0,Active,1736251287.8286052,"[0, 5, 4]"
1,True,4,,0,Active,1736251288.8374033,"[0, 5, 4]"
2,True,4,,0,Active,1736251289.844302,"[0, 5, 4]"
3,True,2,,0,Active,1736251290.8549416,"[7, 2]"
4,True,2,,0,Active,1736251291.8629756,"[7, 2]"
5,True,2,,0,Active,1736251292.8873367,"[7, 2]"
0,True,4,,0,Active,1736251293.895048,"[0, 5, 4]"
1,True,4,,0,Active,1736251294.903143,"[0, 5, 4]"
2,True,4,,0,Active,1736251295.9086475,"[0, 5, 4]"
3,True,2,,0,Active,1736251296.9162724,"[7, 2]"
4,True,2,,0,Active,1736251297.9219234,"[7, 2]"
5,True,2,,0,Active,1736251298.9834392,"[7, 2]"
0,True,4,,0,Active,1736251300.063319,"[0, 5, 4]"
1,True,4,,0,Active,1736251301.123136,"[0, 5, 4]"
2,True,4,,0,Active,1736251302.222732,"[0, 5, 4]"
3,True,2,,0,Active,1736251303.3018136,"[7, 2]"
4,True,2,,0,Active,1736251304.3904107,"[7, 2]"
5,True,2,,0,Active,1736251305.571497,"[7, 2]"
0,True,4,,0,Active,1736251306.9786487,"[0, 5, 4]"
1,True,4,,0,Active,1736251308.0157678,"[0, 5, 4]"
2,True,4,,0,Active,1736251309.059842,"[0, 5, 4]"
3,True,2,,0,Active,1736251310.072916,"[7, 2]"
4,True,2,,0,Active,1736251311.0799906,"[7, 2]"
5,True,2,,0,Active,1736251312.0860438,"[7, 2]"
0,True,4,,0,Active,1736251313.1242995,"[0, 5, 4]"
1,True,4,,0,Active,1736251314.1335907,"[0, 5, 4]"
2,True,4,,0,Active,1736251315.1409075,"[0, 5, 4]"
3,True,2,,0,Active,1736251316.1501253,"[7, 2]"
4,True,2,,0,Active,1736251317.1580858,"[7, 2]"
5,True,2,,0,Active,1736251318.164808,"[7, 2]"
0,True,4,,0,Active,1736251319.1931658,"[0, 5, 4]"
1,True,4,,0,Active,1736251320.2016854,"[0, 5, 4]"
2,True,4,,0,Active,1736251321.2096872,"[0, 5, 4]"
3,True,2,,0,Active,1736251322.218347,"[7, 2]"
4,True,2,,0,Active,1736251323.223792,"[7, 2]"
5,True,2,,0,Active,1736251324.2349696,"[7, 2]"
0,True,4,,0,Active,1736251325.244844,"[0, 5, 4]"
1,True,4,,0,Active,1736251326.2637768,"[0, 5, 4]"
2,True,4,,0,Active,1736251327.2712371,"[0, 5, 4]"
3,True,2,,0,Active,1736251328.2768745,"[7, 2]"
4,True,2,,0,Active,1736251329.284302,"[7, 2]"
5,True,2,,0,Active,1736251330.2896976,"[7, 2]"
0,True,4,,0,Active,1736251331.3108227,"[0, 5, 4]"
1,True,4,,0,Active,1736251332.328884,"[0, 5, 4]"
2,True,4,,0,Active,1736251333.3370068,"[0, 5, 4]"
3,True,2,,0,Active,1736251334.3434978,"[7, 2]"
4,True,2,,0,Active,1736251335.3504868,"[7, 2]"
5,True,2,,0,Active,1736251336.356372,"[7, 2]"
0,True,4,,0,Active,1736251337.3678675,"[0, 5, 4]"
1,True,4,,0,Active,1736251338.3769777,"[0, 5, 4]"
2,True,4,,0,Active,1736251339.383956,"[0, 5, 4]"
3,True,2,,0,Active,1736251340.3952646,"[7, 2]"
4,True,2,,0,Active,1736251341.4030783,"[7, 2]"
5,True,2,,0,Active,1736251342.4125571,"[7, 2]"
0,True,4,,0,Active,1736251343.4273324,"[0, 5, 4]"
1,True,4,,0,Active,1736251344.4390137,"[0, 5, 4]"
2,True,4,,0,Active,1736251345.44515,"[0, 5, 4]"
3,True,2,,0,Active,1736251346.452331,"[7, 2]"
4,True,2,,0,Active,1736251347.4584064,"[7, 2]"
5,True,2,,0,Active,1736251348.470482,"[7, 2]"
0,True,4,,0,Active,1736251349.6065655,"[0, 5, 4]"
1,True,4,,0,Active,1736251350.6246428,"[0, 5, 4]"
2,True,4,,0,Active,1736251351.64972,"[0, 5, 4]"
3,True,2,,0,Active,1736251352.6597974,"[7, 2]"
4,True,2,,0,Active,1736251353.7058835,"[7, 2]"
5,True,2,,0,Active,1736251354.7109454,"[7, 2]"
0,True,4,,0,Active,1736251355.7390225,"[0, 5, 4]"
1,True,4,,0,Active,1736251356.7450953,"[0, 5, 4]"
2,True,4,,0,Active,1736251357.7611794,"[0, 5, 4]"
3,True,2,,0,Active,1736251358.7710965,"[7, 2]"
4,True,2,,0,Active,1736251359.7836304,"[7, 2]"
5,True,2,,0,Active,1736251360.821475,"[7, 2]"
0,True,4,,0,Active,1736251361.82928,"[0, 5, 4]"
1,True,4,,0,Active,1736251362.8363001,"[0, 5, 4]"
2,True,4,,0,Active,1736251363.845308,"[0, 5, 4]"
3,True,2,,0,Active,1736251364.8536587,"[7, 2]"
4,True,2,,0,Active,1736251365.8611574,"[7, 2]"
5,True,2,,0,Active,1736251366.8666494,"[7, 2]"
0,True,4,,0,Active,1736251367.8912733,"[0, 5, 4]"
1,True,4,,0,Active,1736251368.9048004,"[0, 5, 4]"
2,True,4,,0,Active,1736251369.9119217,"[0, 5, 4]"
3,True,2,,0,Active,1736251370.9199896,"[7, 2]"
4,True,2,,0,Active,1736251371.9268727,"[7, 2]"
5,True,2,,0,Active,1736251372.9345748,"[7, 2]"
0,True,4,,0,Active,1736251373.9497564,"[0, 5, 4]"
1,True,4,,0,Active,1736251374.9599519,"[0, 5, 4]"
2,True,4,,0,Active,1736251375.9986863,"[0, 5, 4]"
3,True,2,,0,Active,1736251377.0660577,"[7, 2]"
4,True,2,,0,Active,1736251378.072446,"[7, 2]"
5,True,2,,0,Active,1736251379.078157,"[7, 2]"
0,True,4,,0,Active,1736251380.122151,"[0, 5, 4]"
1,True,4,,0,Active,1736251381.1275828,"[0, 5, 4]"
2,True,4,,0,Active,1736251382.1344104,"[0, 5, 4]"
3,True,2,,0,Active,1736251383.1401217,"[7, 2]"
4,True,2,,0,Active,1736251384.147595,"[7, 2]"
5,True,2,,0,Active,1736251385.1542962,"[7, 2]"
0,True,4,,0,Active,1736251386.1733139,"[0, 5, 4]"
1,True,4,,0,Active,1736251387.181635,"[0, 5, 4]"
2,True,4,,0,Active,1736251388.187444,"[0, 5, 4]"
3,True,2,,0,Active,1736251389.20264,"[7, 2]"
4,True,2,,0,Active,1736251390.2094052,"[7, 2]"
5,True,2,,0,Active,1736251391.2159135,"[7, 2]"
0,True,4,,0,Active,1736251392.3586535,"[0, 5, 4]"
1,True,4,,0,Active,1736251393.3683934,"[0, 5, 4]"
2,True,4,,0,Active,1736251394.3753004,"[0, 5, 4]"
3,True,2,,0,Active,1736251395.3825681,"[7, 2]"
4,True,2,,0,Active,1736251396.402685,"[7, 2]"
5,True,2,,0,Active,1736251397.40951,"[7, 2]"
0,True,4,,0,Active,1736251398.4373705,"[0, 5, 4]"
1,True,4,,0,Active,1736251399.445465,"[0, 5, 4]"
2,True,4,,0,Active,1736251400.4520793,"[0, 5, 4]"
3,True,2,,0,Active,1736251401.4617846,"[7, 2]"
4,True,2,,0,Active,1736251402.4685392,"[7, 2]"
5,True,2,,0,Active,1736251403.4753072,"[7, 2]"
0,True,4,,0,Active,1736251404.4978857,"[0, 5, 4]"
1,True,4,,0,Active,1736251405.5067437,"[0, 5, 4]"
2,True,4,,0,Active,1736251406.5136383,"[0, 5, 4]"
3,True,2,,0,Active,1736251407.5204058,"[7, 2]"
4,True,2,,0,Active,1736251408.52695,"[7, 2]"
5,True,2,,0,Active,1736251409.5331903,"[7, 2]"
0,True,4,,0,Active,1736251410.5403688,"[0, 5, 4]"
1,True,4,,0,Active,1736251411.54993,"[0, 5, 4]"
2,True,4,,0,Active,1736251412.5558426,"[0, 5, 4]"
3,True,2,,0,Active,1736251413.5624006,"[7, 2]"
4,True,2,,0,Active,1736251414.568821,"[7, 2]"
5,True,2,,0,Active,1736251415.57519,"[7, 2]"
0,True,4,,0,Active,1736251416.5845766,"[0, 5, 4]"
1,True,4,,0,Active,1736251417.5935483,"[0, 5, 4]"
2,True,4,,0,Active,1736251418.5998538,"[0, 5, 4]"
3,True,2,,0,Active,1736251419.6067076,"[7, 2]"
4,True,2,,0,Active,1736251420.6131835,"[7, 2]"
5,True,2,,0,Active,1736251421.6187022,"[7, 2]"
0,True,4,,0,Active,1736251422.6269147,"[0, 5, 4]"
1,True,4,,0,Active,1736251423.640594,"[0, 5, 4]"
2,True,4,,0,Active,1736251424.6628287,"[0, 5, 4]"
3,True,2,,0,Active,1736251425.6826735,"[7, 2]"
4,True,2,,0,Active,1736251426.703177,"[7, 2]"
5,True,2,,0,Active,1736251427.7084906,"[7, 2]"
0,True,4,,0,Active,1736251428.717217,"[0, 5, 4]"
1,True,4,,0,Active,1736251429.7231534,"[0, 5, 4]"
2,True,4,,0,Active,1736251430.739917,"[0, 5, 4]"
3,True,2,,0,Active,1736251431.7592394,"[7, 2]"
4,True,2,,0,Active,1736251432.766246,"[7, 2]"
5,True,2,,0,Active,1736251433.7741508,"[7, 2]"
0,True,4,,0,Active,1736251434.8884182,"[0, 5, 4]"
1,True,4,,0,Active,1736251435.8951437,"[0, 5, 4]"
2,True,4,,0,Active,1736251436.9012551,"[0, 5, 4]"
3,True,2,,0,Active,1736251437.907327,"[7, 2]"
4,True,2,,0,Active,1736251438.914265,"[7, 2]"
5,True,2,,0,Active,1736251439.9788127,"[7, 2]"
0,True,4,,0,Active,1736251441.0149412,"[0, 5, 4]"
1,True,4,,0,Active,1736251442.0210748,"[0, 5, 4]"
2,True,4,,0,Active,1736251443.0266056,"[0, 5, 4]"
3,True,2,,0,Active,1736251444.0334473,"[7, 2]"
4,True,2,,0,Active,1736251445.039514,"[7, 2]"
5,True,2,,0,Active,1736251446.0457358,"[7, 2]"
0,True,4,,0,Active,1736251447.0655077,"[0, 5, 4]"
1,True,4,,0,Active,1736251448.0722613,"[0, 5, 4]"
2,True,4,,0,Active,1736251449.0781233,"[0, 5, 4]"
3,True,2,,0,Active,1736251450.086268,"[7, 2]"
4,True,2,,0,Active,1736251451.0924501,"[7, 2]"
5,True,2,,0,Active,1736251452.1002064,"[7, 2]"
0,True,4,,0,Active,1736251453.1093535,"[0, 5, 4]"
1,True,4,,0,Active,1736251454.1148872,"[0, 5, 4]"
2,True,4,,0,Active,1736251455.1216605,"[0, 5, 4]"
3,True,2,,0,Active,1736251456.1273782,"[7, 2]"
4,True,2,,0,Active,1736251457.1340709,"[7, 2]"
5,True,2,,0,Active,1736251458.141413,"[7, 2]"
0,True,4,,0,Active,1736251459.1517527,"[0, 5, 4]"
1,True,4,,0,Active,1736251460.1582277,"[0, 5, 4]"
2,True,4,,0,Active,1736251461.1729112,"[0, 5, 4]"
3,True,2,,0,Active,1736251462.2505171,"[7, 2]"
4,True,2,,0,Active,1736251463.2585046,"[7, 2]"
5,True,2,,0,Active,1736251464.2676525,"[7, 2]"
0,True,4,,0,Active,1736251465.2752821,"[0, 5, 4]"
1,True,4,,0,Active,1736251466.2831666,"[0, 5, 4]"
2,True,4,,0,Active,1736251467.3058887,"[0, 5, 4]"
3,True,2,,0,Active,1736251468.3112333,"[7, 2]"
4,True,2,,0,Active,1736251469.3280518,"[7, 2]"
5,True,2,,0,Active,1736251470.3355312,"[7, 2]"
0,True,4,,0,Active,1736251471.3424256,"[0, 5, 4]"
1,True,4,,0,Active,1736251472.3488536,"[0, 5, 4]"
2,True,4,,0,Active,1736251473.3547115,"[0, 5, 4]"
3,True,2,,0,Active,1736251474.3604987,"[7, 2]"
4,True,2,,0,Active,1736251475.3702183,"[7, 2]"
5,True,2,,0,Active,1736251476.3788755,"[7, 2]"
0,True,4,,0,Active,1736251477.5001554,"[0, 5, 4]"
1,True,4,,0,Active,1736251478.5074525,"[0, 5, 4]"
2,True,4,,0,Active,1736251479.5151649,"[0, 5, 4]"
3,True,2,,0,Active,1736251480.5215402,"[7, 2]"
4,True,2,,0,Active,1736251481.527841,"[7, 2]"
5,True,2,,0,Active,1736251482.5366619,"[7, 2]"
0,True,4,,0,Active,1736251483.5716517,"[0, 5, 4]"
1,True,4,,0,Active,1736251484.5773144,"[0, 5, 4]"
2,True,4,,0,Active,1736251485.5846121,"[0, 5, 4]"
3,True,2,,0,Active,1736251486.5933597,"[7, 2]"
4,True,2,,0,Active,1736251487.604381,"[7, 2]"
5,True,2,,0,Active,1736251488.762691,"[7, 2]"
0,True,4,,0,Active,1736251489.7719414,"[0, 5, 4]"
1,True,4,,0,Active,1736251490.782147,"[0, 5, 4]"
2,True,4,,0,Active,1736251491.7879682,"[0, 5, 4]"
3,True,2,,0,Active,1736251492.7968435,"[7, 2]"
4,True,2,,0,Active,1736251493.805133,"[7, 2]"
5,True,2,,0,Active,1736251494.8112059,"[7, 2]"
0,True,4,,0,Active,1736251495.8188894,"[0, 5, 4]"
1,True,4,,0,Active,1736251496.8244784,"[0, 5, 4]"
2,True,4,,0,Active,1736251497.8305519,"[0, 5, 4]"
3,True,2,,0,Active,1736251498.8379748,"[7, 2]"
4,True,2,,0,Active,1736251499.8451104,"[7, 2]"
5,True,2,,0,Active,1736251500.8512123,"[7, 2]"
0,True,4,,0,Active,1736251501.864397,"[0, 5, 4]"
1,True,4,,0,Active,1736251502.8707476,"[0, 5, 4]"
2,True,4,,0,Active,1736251503.9005196,"[0, 5, 4]"
3,True,2,,0,Active,1736251504.9745815,"[7, 2]"
4,True,2,,0,Active,1736251505.9820726,"[7, 2]"
5,True,2,,0,Active,1736251506.9889512,"[7, 2]"
0,True,4,,0,Active,1736251508.0101683,"[0, 5, 4]"
1,True,4,,0,Active,1736251509.0181148,"[0, 5, 4]"
2,True,4,,0,Active,1736251510.0255325,"[0, 5, 4]"
3,True,2,,0,Active,1736251511.0635054,"[7, 2]"
4,True,2,,0,Active,1736251512.0702763,"[7, 2]"
5,True,2,,0,Active,1736251513.1075149,"[7, 2]"
0,True,4,,0,Active,1736251514.1361697,"[0, 5, 4]"
1,True,4,,0,Active,1736251515.1431286,"[0, 5, 4]"
2,True,4,,0,Active,1736251516.1490178,"[0, 5, 4]"
3,True,2,,0,Active,1736251517.156199,"[7, 2]"
4,True,2,,0,Active,1736251518.191498,"[7, 2]"
5,True,2,,0,Active,1736251519.198149,"[7, 2]"
0,True,4,,0,Active,1736251520.3184159,"[0, 5, 4]"
1,True,4,,0,Active,1736251521.325152,"[0, 5, 4]"
2,True,4,,0,Active,1736251522.3419628,"[0, 5, 4]"
3,True,2,,0,Active,1736251523.3496118,"[7, 2]"
4,True,2,,0,Active,1736251524.3567982,"[7, 2]"
5,True,2,,0,Active,1736251525.364771,"[7, 2]"
0,True,4,,0,Active,1736251526.3915164,"[0, 5, 4]"
1,True,4,,0,Active,1736251527.3999853,"[0, 5, 4]"
2,True,4,,0,Active,1736251528.4327824,"[0, 5, 4]"
3,True,2,,0,Active,1736251529.4411807,"[7, 2]"
4,True,2,,0,Active,1736251530.471036,"[7, 2]"
5,True,2,,0,Active,1736251531.482409,"[7, 2]"
0,True,4,,0,Active,1736251532.4938943,"[0, 5, 4]"
1,True,4,,0,Active,1736251533.4992146,"[0, 5, 4]"
2,True,4,,0,Active,1736251534.5062692,"[0, 5, 4]"
3,True,2,,0,Active,1736251535.5429387,"[7, 2]"
4,True,2,,0,Active,1736251536.5491219,"[7, 2]"
5,True,2,,0,Active,1736251537.5549922,"[7, 2]"
0,True,4,,0,Active,1736251538.5650327,"[0, 5, 4]"
1,True,4,,0,Active,1736251539.5712726,"[0, 5, 4]"
2,True,4,,0,Active,1736251540.5771945,"[0, 5, 4]"
3,True,2,,0,Active,1736251541.582814,"[7, 2]"
4,True,2,,0,Active,1736251542.5887263,"[7, 2]"
5,True,2,,0,Active,1736251543.594454,"[7, 2]"
0,True,4,,0,Active,1736251544.6053853,"[0, 5, 4]"
1,True,4,,0,Active,1736251545.617117,"[0, 5, 4]"
2,True,4,,0,Active,1736251546.625201,"[0, 5, 4]"
3,True,2,,0,Active,1736251547.632231,"[7, 2]"
4,True,2,,0,Active,1736251548.6379054,"[7, 2]"
5,True,2,,0,Active,1736251549.6615405,"[7, 2]"
0,True,4,,0,Active,1736251550.6685236,"[0, 5, 4]"
1,True,4,,0,Active,1736251551.674484,"[0, 5, 4]"
2,True,4,,0,Active,1736251552.680663,"[0, 5, 4]"
3,True,2,,0,Active,1736251553.6885319,"[7, 2]"
4,True,2,,0,Active,1736251554.6953588,"[7, 2]"
5,True,2,,0,Active,1736251555.7017303,"[7, 2]"
0,True,4,,0,Active,1736251556.7108393,"[0, 5, 4]"
1,True,4,,0,Active,1736251557.7184234,"[0, 5, 4]"
2,True,4,,0,Active,1736251558.7344785,"[0, 5, 4]"
3,True,2,,0,Active,1736251559.740337,"[7, 2]"
4,True,2,,0,Active,1736251560.747882,"[7, 2]"
5,True,2,,0,Active,1736251561.7557087,"[7, 2]"
0,True,4,,0,Active,1736251562.8660996,"[0, 5, 4]"
1,True,4,,0,Active,1736251563.8718708,"[0, 5, 4]"
2,True,4,,0,Active,1736251564.8783877,"[0, 5, 4]"
3,True,2,,0,Active,1736251565.9104574,"[7, 2]"
4,True,2,,0,Active,1736251566.9585698,"[7, 2]"
5,True,2,,0,Active,1736251567.9649134,"[7, 2]"
0,True,4,,0,Active,1736251568.9950976,"[0, 5, 4]"
1,True,4,,0,Active,1736251570.0018027,"[0, 5, 4]"
2,True,4,,0,Active,1736251571.0098467,"[0, 5, 4]"
3,True,2,,0,Active,1736251572.0173771,"[7, 2]"
4,True,2,,0,Active,1736251573.022858,"[7, 2]"
5,True,2,,0,Active,1736251574.0737784,"[7, 2]"
0,True,4,,0,Active,1736251575.136513,"[0, 5, 4]"
1,True,4,,0,Active,1736251576.1436648,"[0, 5, 4]"
2,True,4,,0,Active,1736251577.151107,"[0, 5, 4]"
3,True,2,,0,Active,1736251578.1647823,"[7, 2]"
4,True,2,,0,Active,1736251579.182595,"[7, 2]"
5,True,2,,0,Active,1736251580.1887798,"[7, 2]"
0,True,4,,0,Active,1736251581.2013705,"[0, 5, 4]"
1,True,4,,0,Active,1736251582.2090318,"[0, 5, 4]"
2,True,4,,0,Active,1736251583.2168283,"[0, 5, 4]"
3,True,2,,0,Active,1736251584.2233167,"[7, 2]"
4,True,2,,0,Active,1736251585.2400725,"[7, 2]"
5,True,2,,0,Active,1736251586.2886267,"[7, 2]"
0,True,4,,0,Active,1736251587.2969193,"[0, 5, 4]"
1,True,4,,0,Active,1736251588.303682,"[0, 5, 4]"
2,True,4,,0,Active,1736251589.3099718,"[0, 5, 4]"
3,True,2,,0,Active,1736251590.317486,"[7, 2]"
4,True,2,,0,Active,1736251591.3244207,"[7, 2]"
5,True,2,,0,Active,1736251592.3307922,"[7, 2]"
0,True,4,,0,Active,1736251593.3364985,"[0, 5, 4]"
1,True,4,,0,Active,1736251594.3443758,"[0, 5, 4]"
2,True,4,,0,Active,1736251595.3500211,"[0, 5, 4]"
3,True,2,,0,Active,1736251596.3565238,"[7, 2]"
4,True,2,,0,Active,1736251597.362,"[7, 2]"
5,True,2,,0,Active,1736251598.3704312,"[7, 2]"
0,True,4,,0,Active,1736251599.3820958,"[0, 5, 4]"
1,True,4,,0,Active,1736251600.388882,"[0, 5, 4]"
2,True,4,,0,Active,1736251601.4005935,"[0, 5, 4]"
3,True,2,,0,Active,1736251602.411189,"[7, 2]"
4,True,2,,0,Active,1736251603.4168503,"[7, 2]"
5,True,2,,0,Active,1736251604.4222116,"[7, 2]"
0,True,4,,0,Active,1736251605.5448797,"[0, 5, 4]"
1,True,4,,0,Active,1736251606.5511038,"[0, 5, 4]"
2,True,4,,0,Active,1736251607.5571072,"[0, 5, 4]"
3,True,2,,0,Active,1736251608.5638444,"[7, 2]"
4,True,2,,0,Active,1736251609.5698013,"[7, 2]"
5,True,2,,0,Active,1736251610.5762296,"[7, 2]"
0,True,4,,0,Active,1736251611.6198666,"[0, 5, 4]"
1,True,4,,0,Active,1736251612.630376,"[0, 5, 4]"
2,True,4,,0,Active,1736251613.635904,"[0, 5, 4]"
3,True,2,,0,Active,1736251614.641447,"[7, 2]"
4,True,2,,0,Active,1736251615.6508708,"[7, 2]"
5,True,2,,0,Active,1736251616.6709435,"[7, 2]"
0,True,4,,0,Active,1736251617.692443,"[0, 5, 4]"
1,True,4,,0,Active,1736251618.6991644,"[0, 5, 4]"
2,True,4,,0,Active,1736251619.7095733,"[0, 5, 4]"
3,True,2,,0,Active,1736251620.7173562,"[7, 2]"
4,True,2,,0,Active,1736251621.7229161,"[7, 2]"
5,True,2,,0,Active,1736251622.7302477,"[7, 2]"
0,True,4,,0,Active,1736251623.738314,"[0, 5, 4]"
1,True,4,,0,Active,1736251624.7485049,"[0, 5, 4]"
2,True,4,,0,Active,1736251625.7588181,"[0, 5, 4]"
3,True,2,,0,Active,1736251626.7662761,"[7, 2]"
4,True,2,,0,Active,1736251627.7735746,"[7, 2]"
5,True,2,,0,Active,1736251628.78008,"[7, 2]"
0,True,4,,0,Active,1736251629.7876961,"[0, 5, 4]"
1,True,4,,0,Active,1736251630.7947414,"[0, 5, 4]"
2,True,4,,0,Active,1736251631.8017344,"[0, 5, 4]"
3,True,2,,0,Active,1736251632.8079453,"[7, 2]"
4,True,2,,0,Active,1736251633.8133557,"[7, 2]"
5,True,2,,0,Active,1736251634.8198357,"[7, 2]"
0,True,4,,0,Active,1736251635.8373523,"[0, 5, 4]"
1,True,4,,0,Active,1736251636.845379,"[0, 5, 4]"
2,True,4,,0,Active,1736251637.8512127,"[0, 5, 4]"
3,True,2,,0,Active,1736251638.8572342,"[7, 2]"
4,True,2,,0,Active,1736251639.8630588,"[7, 2]"
5,True,2,,0,Active,1736251640.8695128,"[7, 2]"
0,True,4,,0,Active,1736251641.885716,"[0, 5, 4]"
1,True,4,,0,Active,1736251642.8914945,"[0, 5, 4]"
2,True,4,,0,Active,1736251643.8978326,"[0, 5, 4]"
3,True,2,,0,Active,1736251644.9038208,"[7, 2]"
4,True,2,,0,Active,1736251645.911191,"[7, 2]"
5,True,2,,0,Active,1736251646.9165459,"[7, 2]"
0,True,4,,0,Active,1736251648.1054301,"[0, 5, 4]"
1,True,4,,0,Active,1736251649.1145852,"[0, 5, 4]"
2,True,4,,0,Active,1736251650.119776,"[0, 5, 4]"
3,True,2,,0,Active,1736251651.126442,"[7, 2]"
4,True,2,,0,Active,1736251652.1317277,"[7, 2]"
5,True,2,,0,Active,1736251653.1423366,"[7, 2]"
0,True,4,,0,Active,1736251654.2420008,"[0, 5, 4]"
1,True,4,,0,Active,1736251655.2566252,"[0, 5, 4]"
2,True,4,,0,Active,1736251656.2640493,"[0, 5, 4]"
3,True,2,,0,Active,1736251657.2742817,"[7, 2]"
4,True,2,,0,Active,1736251658.2827442,"[7, 2]"
5,True,2,,0,Active,1736251659.2885444,"[7, 2]"
0,True,4,,0,Active,1736251660.2965682,"[0, 5, 4]"
1,True,4,,0,Active,1736251661.305044,"[0, 5, 4]"
2,True,4,,0,Active,1736251662.3126159,"[0, 5, 4]"
3,True,2,,0,Active,1736251663.3207476,"[7, 2]"
4,True,2,,0,Active,1736251664.3267562,"[7, 2]"
5,True,2,,0,Active,1736251665.333458,"[7, 2]"
0,True,4,,0,Active,1736251666.3421488,"[0, 5, 4]"
1,True,4,,0,Active,1736251667.3517294,"[0, 5, 4]"
2,True,4,,0,Active,1736251668.35714,"[0, 5, 4]"
3,True,2,,0,Active,1736251669.366063,"[7, 2]"
4,True,2,,0,Active,1736251670.3729935,"[7, 2]"
5,True,2,,0,Active,1736251671.37923,"[7, 2]"
0,True,4,,0,Active,1736251672.3870175,"[0, 5, 4]"
1,True,4,,0,Active,1736251673.393713,"[0, 5, 4]"
2,True,4,,0,Active,1736251674.3995736,"[0, 5, 4]"
3,True,2,,0,Active,1736251675.4079473,"[7, 2]"
4,True,2,,0,Active,1736251676.414117,"[7, 2]"
5,True,2,,0,Active,1736251677.421473,"[7, 2]"
0,True,4,,0,Active,1736251678.4294052,"[0, 5, 4]"
1,True,4,,0,Active,1736251679.4538789,"[0, 5, 4]"
2,True,4,,0,Active,1736251680.4598215,"[0, 5, 4]"
3,True,2,,0,Active,1736251681.47381,"[7, 2]"
4,True,2,,0,Active,1736251682.4818473,"[7, 2]"
5,True,2,,0,Active,1736251683.487389,"[7, 2]"
0,True,4,,0,Active,1736251684.5004938,"[0, 5, 4]"
1,True,4,,0,Active,1736251685.5056858,"[0, 5, 4]"
2,True,4,,0,Active,1736251686.51288,"[0, 5, 4]"
3,True,2,,0,Active,1736251687.5191505,"[7, 2]"
4,True,2,,0,Active,1736251688.525344,"[7, 2]"
5,True,2,,0,Active,1736251689.5766,"[7, 2]"
0,True,4,,0,Active,1736251690.7364812,"[0, 5, 4]"
1,True,4,,0,Active,1736251691.741903,"[0, 5, 4]"
2,True,4,,0,Active,1736251692.747959,"[0, 5, 4]"
3,True,2,,0,Active,1736251693.7536495,"[7, 2]"
4,True,2,,0,Active,1736251694.762534,"[7, 2]"
5,True,2,,0,Active,1736251695.7745106,"[7, 2]"
0,True,4,,0,Active,1736251696.8456867,"[0, 5, 4]"
1,True,4,,0,Active,1736251697.8577309,"[0, 5, 4]"
2,True,4,,0,Active,1736251698.8689284,"[0, 5, 4]"
3,True,2,,0,Active,1736251699.875711,"[7, 2]"
4,True,2,,0,Active,1736251700.8817742,"[7, 2]"
5,True,2,,0,Active,1736251701.8874502,"[7, 2]"
0,True,4,,0,Active,1736251702.9189274,"[0, 5, 4]"
1,True,4,,0,Active,1736251703.9343388,"[0, 5, 4]"
2,True,4,,0,Active,1736251704.956402,"[0, 5, 4]"
3,True,2,,0,Active,1736251705.96336,"[7, 2]"
4,True,2,,0,Active,1736251706.9705474,"[7, 2]"
5,True,2,,0,Active,1736251708.001181,"[7, 2]"
0,True,4,,0,Active,1736251709.0150385,"[0, 5, 4]"
1,True,4,,0,Active,1736251710.0216808,"[0, 5, 4]"
2,True,4,,0,Active,1736251711.0282648,"[0, 5, 4]"
3,True,2,,0,Active,1736251712.0368059,"[7, 2]"
4,True,2,,0,Active,1736251713.0428712,"[7, 2]"
5,True,2,,0,Active,1736251714.0498645,"[7, 2]"
0,True,4,,0,Active,1736251715.0700493,"[0, 5, 4]"
1,True,4,,0,Active,1736251716.0829535,"[0, 5, 4]"
2,True,4,,0,Active,1736251717.092254,"[0, 5, 4]"
3,True,2,,0,Active,1736251718.118747,"[7, 2]"
4,True,2,,0,Active,1736251719.2097628,"[7, 2]"
5,True,2,,0,Active,1736251720.219443,"[7, 2]"
0,True,4,,0,Active,1736251721.2321467,"[0, 5, 4]"
1,True,4,,0,Active,1736251722.2383134,"[0, 5, 4]"
2,True,4,,0,Active,1736251723.2437103,"[0, 5, 4]"
3,True,2,,0,Active,1736251724.249727,"[7, 2]"
4,True,2,,0,Active,1736251725.2552843,"[7, 2]"
5,True,2,,0,Active,1736251726.26965,"[7, 2]"
0,True,4,,0,Active,1736251727.281368,"[0, 5, 4]"
1,True,4,,0,Active,1736251728.2877853,"[0, 5, 4]"
2,True,4,,0,Active,1736251729.2963994,"[0, 5, 4]"
3,True,2,,0,Active,1736251730.3024883,"[7, 2]"
4,True,2,,0,Active,1736251731.307609,"[7, 2]"
5,True,2,,0,Active,1736251732.3143194,"[7, 2]"
0,True,4,,0,Active,1736251733.4334877,"[0, 5, 4]"
1,True,4,,0,Active,1736251734.4491034,"[0, 5, 4]"
2,True,4,,0,Active,1736251735.4552062,"[0, 5, 4]"
3,True,2,,0,Active,1736251736.4669046,"[7, 2]"
4,True,2,,0,Active,1736251737.4759822,"[7, 2]"
5,True,2,,0,Active,1736251738.499103,"[7, 2]"
0,True,4,,0,Active,1736251739.5409436,"[0, 5, 4]"
1,True,4,,0,Active,1736251740.5485473,"[0, 5, 4]"
2,True,4,,0,Active,1736251741.5541072,"[0, 5, 4]"
3,True,2,,0,Active,1736251742.5603597,"[7, 2]"
4,True,2,,0,Active,1736251743.5932643,"[7, 2]"
5,True,2,,0,Active,1736251744.6027215,"[7, 2]"
0,True,4,,0,Active,1736251745.609742,"[0, 5, 4]"
1,True,4,,0,Active,1736251746.622637,"[0, 5, 4]"
2,True,4,,0,Active,1736251747.6291506,"[0, 5, 4]"
3,True,2,,0,Active,1736251748.640688,"[7, 2]"
4,True,2,,0,Active,1736251749.6622458,"[7, 2]"
5,True,2,,0,Active,1736251750.6724415,"[7, 2]"
0,True,4,,0,Active,1736251751.6801748,"[0, 5, 4]"
1,True,4,,0,Active,1736251752.686636,"[0, 5, 4]"
2,True,4,,0,Active,1736251753.6933107,"[0, 5, 4]"
3,True,2,,0,Active,1736251754.700617,"[7, 2]"
4,True,2,,0,Active,1736251755.7129495,"[7, 2]"
5,True,2,,0,Active,1736251756.721352,"[7, 2]"
0,True,4,,0,Active,1736251757.727749,"[0, 5, 4]"
1,True,4,,0,Active,1736251758.7427523,"[0, 5, 4]"
2,True,4,,0,Active,1736251759.7494092,"[0, 5, 4]"
3,True,2,,0,Active,1736251760.755146,"[7, 2]"
4,True,2,,0,Active,1736251761.7616963,"[7, 2]"
5,True,2,,0,Active,1736251762.769899,"[7, 2]"
0,True,4,,0,Active,1736251763.779594,"[0, 5, 4]"
1,True,4,,0,Active,1736251764.801816,"[0, 5, 4]"
2,True,4,,0,Active,1736251765.808896,"[0, 5, 4]"
3,True,2,,0,Active,1736251766.8163745,"[7, 2]"
4,True,2,,0,Active,1736251767.822995,"[7, 2]"
5,True,2,,0,Active,1736251768.833904,"[7, 2]"
0,True,4,,0,Active,1736251769.8806958,"[0, 5, 4]"
1,True,4,,0,Active,1736251770.886767,"[0, 5, 4]"
2,True,4,,0,Active,1736251771.9018,"[0, 5, 4]"
3,True,2,,0,Active,1736251772.9086735,"[7, 2]"
4,True,2,,0,Active,1736251773.9147666,"[7, 2]"
5,True,2,,0,Active,1736251774.9223375,"[7, 2]"
0,True,4,,0,Active,1736251776.071459,"[0, 5, 4]"
1,True,4,,0,Active,1736251777.0839615,"[0, 5, 4]"
2,True,4,,0,Active,1736251778.0895424,"[0, 5, 4]"
3,True,2,,0,Active,1736251779.0973146,"[7, 2]"
4,True,2,,0,Active,1736251780.1036022,"[7, 2]"
5,True,2,,0,Active,1736251781.1104407,"[7, 2]"
0,True,4,,0,Active,1736251782.149701,"[0, 5, 4]"
1,True,4,,0,Active,1736251783.1557753,"[0, 5, 4]"
2,True,4,,0,Active,1736251784.1626503,"[0, 5, 4]"
3,True,2,,0,Active,1736251785.1976984,"[7, 2]"
4,True,2,,0,Active,1736251786.2069678,"[7, 2]"
5,True,2,,0,Active,1736251787.226327,"[7, 2]"
0,True,4,,0,Active,1736251788.2348835,"[0, 5, 4]"
1,True,4,,0,Active,1736251789.2423768,"[0, 5, 4]"
2,True,4,,0,Active,1736251790.249726,"[0, 5, 4]"
3,True,2,,0,Active,1736251791.2574775,"[7, 2]"
4,True,2,,0,Active,1736251792.2649145,"[7, 2]"
5,True,2,,0,Active,1736251793.2715333,"[7, 2]"
0,True,4,,0,Active,1736251794.2825866,"[0, 5, 4]"
1,True,4,,0,Active,1736251795.2880604,"[0, 5, 4]"
2,True,4,,0,Active,1736251796.293359,"[0, 5, 4]"
3,True,2,,0,Active,1736251797.301651,"[7, 2]"
4,True,2,,0,Active,1736251798.307146,"[7, 2]"
5,True,2,,0,Active,1736251799.3388786,"[7, 2]"
0,True,4,,0,Active,1736251800.4001203,"[0, 5, 4]"
1,True,4,,0,Active,1736251801.406052,"[0, 5, 4]"
2,True,4,,0,Active,1736251802.4123712,"[0, 5, 4]"
3,True,2,,0,Active,1736251803.4181428,"[7, 2]"
4,True,2,,0,Active,1736251804.4237607,"[7, 2]"
5,True,2,,0,Active,1736251805.4600003,"[7, 2]"
0,True,4,,0,Active,1736251806.4676576,"[0, 5, 4]"
1,True,4,,0,Active,1736251807.4745903,"[0, 5, 4]"
2,True,4,,0,Active,1736251808.5022585,"[0, 5, 4]"
3,True,2,,0,Active,1736251809.5092733,"[7, 2]"
4,True,2,,0,Active,1736251810.5168238,"[7, 2]"
5,True,2,,0,Active,1736251811.5245008,"[7, 2]"
0,True,4,,0,Active,1736251812.5321698,"[0, 5, 4]"
1,True,4,,0,Active,1736251813.538978,"[0, 5, 4]"
2,True,4,,0,Active,1736251814.5727475,"[0, 5, 4]"
3,True,2,,0,Active,1736251815.5799315,"[7, 2]"
4,True,2,,0,Active,1736251816.5882802,"[7, 2]"
5,True,2,,0,Active,1736251817.602496,"[7, 2]"
0,True,4,,0,Active,1736251818.8169339,"[0, 5, 4]"
1,True,4,,0,Active,1736251819.834903,"[0, 5, 4]"
2,True,4,,0,Active,1736251820.8412242,"[0, 5, 4]"
3,True,2,,0,Active,1736251821.8510504,"[7, 2]"
4,True,2,,0,Active,1736251822.8576508,"[7, 2]"
5,True,2,,0,Active,1736251823.9303973,"[7, 2]"
0,True,4,,0,Active,1736251824.9648588,"[0, 5, 4]"
1,True,4,,0,Active,1736251826.0094457,"[0, 5, 4]"
2,True,4,,0,Active,1736251827.0164306,"[0, 5, 4]"
3,True,2,,0,Active,1736251828.065991,"[7, 2]"
4,True,2,,0,Active,1736251829.0725343,"[7, 2]"
5,True,2,,0,Active,1736251830.0799692,"[7, 2]"
0,True,4,,0,Active,1736251831.0920634,"[0, 5, 4]"
1,True,4,,0,Active,1736251832.121514,"[0, 5, 4]"
2,True,4,,0,Active,1736251833.12788,"[0, 5, 4]"
3,True,2,,0,Active,1736251834.1346853,"[7, 2]"
4,True,2,,0,Active,1736251835.1556304,"[7, 2]"
5,True,2,,0,Active,1736251836.171642,"[7, 2]"
0,True,4,,0,Active,1736251836.7075458,"[0, 5, 4]"
0,True,,,0,Active,1736251866.2424,[]
1,True,,,0,Active,1736251867.542494,[]
2,True,,,0,Active,1736251868.63814,[]
0,True,,,0,Active,1736262669.8263273,[]
1,True,,,0,Active,1736262670.8413208,[]
3,True,,,0,Active,1736262671.9920352,[]
4,True,,,0,Active,1736262673.2925115,[]
5,True,,,0,Active,1736262674.9351187,[]
0,True,0,5,240,Active,1736262675.9428473,"[0, 5, 4]"
0,True,5,4,2208,Active,1736262676.9541018,"[0, 5, 4]"
0,True,4,,0,Active,1736262678.0825224,"[0, 5, 4]"
1,True,0,5,240,Active,1736262679.0945961,"[0, 5, 4]"
0,True,4,,0,Active,1736262680.1088476,"[0, 5, 4]"
0,True,4,,0,Active,1736262681.1160705,"[0, 5, 4]"
0,True,4,,0,Active,1736262682.1311457,"[0, 5, 4]"
2,True,0,5,240,Active,1736262683.1590393,"[0, 5, 4]"
0,True,4,,0,Active,1736262684.16283,"[0, 5, 4]"
1,True,5,4,2208,Active,1736262685.1680033,"[0, 5, 4]"
0,True,4,,0,Active,1736262686.2508378,"[0, 5, 4]"
0,True,4,,0,Active,1736262687.2549381,"[0, 5, 4]"
4,True,,,0,Active,1736262688.2590585,[]
3,True,,,0,Active,1736262689.262485,[]
5,True,,,0,Active,1736262690.2688909,[]
0,True,4,,0,Active,1736262691.2734575,"[0, 5, 4]"
2,True,5,4,2208,Active,1736262692.2785575,"[0, 5, 4]"
1,True,4,,0,Active,1736262693.2833357,"[0, 5, 4]"
0,True,4,,0,Active,1736262694.288292,"[0, 5, 4]"
2,True,5,4,2208,Active,1736262695.2960222,"[0, 5, 4]"
1,True,4,,0,Active,1736262696.3006065,"[0, 5, 4]"
0,True,4,,0,Active,1736262697.3050585,"[0, 5, 4]"
1,True,4,,0,Active,1736262698.3105607,"[0, 5, 4]"
0,True,4,,0,Active,1736262699.3419633,"[0, 5, 4]"
3,True,7,2,576,Active,1736262700.367918,"[7, 2]"
1,True,4,,0,Active,1736262701.4990034,"[0, 5, 4]"
0,True,4,,0,Active,1736262702.5103307,"[0, 5, 4]"
0,True,,,0,Active,1737536048.885777,[]
1,True,,,0,Active,1737536050.0640726,[]
2,True,,,0,Active,1737536051.2484188,[]
3,True,,,0,Active,1737536052.4494138,[]
4,True,,,0,Active,1737536053.8332632,[]
5,True,,,0,Active,1737536055.2022667,[]
0,True,0,5,240,Active,1737536056.2100368,"[0, 5, 4]"
0,True,5,4,2208,Active,1737536057.2336264,"[0, 5, 4]"
0,True,5,4,2208,Active,1737536058.2494833,"[0, 5, 4]"
0,True,4,,0,Active,1737536059.3484275,"[0, 5, 4]"
1,True,0,5,240,Active,1737536060.3535264,"[0, 5, 4]"
0,True,4,,0,Active,1737536061.3680062,"[0, 5, 4]"
0,True,4,,0,Active,1737536062.3731444,"[0, 5, 4]"
0,True,4,,0,Active,1737536063.3812792,"[0, 5, 4]"
2,True,0,5,240,Active,1737536064.3890777,"[0, 5, 4]"
0,True,4,,0,Active,1737536065.3997211,"[0, 5, 4]"
1,True,5,4,2208,Active,1737536066.4037585,"[0, 5, 4]"
0,True,4,,0,Active,1737536067.4181285,"[0, 5, 4]"
0,True,4,,0,Active,1737536068.440951,"[0, 5, 4]"
0,True,4,,0,Active,1737536069.4537363,"[0, 5, 4]"
2,True,5,4,2208,Active,1737536070.5285661,"[0, 5, 4]"
0,True,4,,0,Active,1737536071.5345557,"[0, 5, 4]"
1,True,4,,0,Active,1737536072.5387576,"[0, 5, 4]"
0,True,4,,0,Active,1737536073.545479,"[0, 5, 4]"
1,True,4,,0,Active,1737536074.5537786,"[0, 5, 4]"
0,True,4,,0,Active,1737536075.5746734,"[0, 5, 4]"
1,True,4,,0,Active,1737536076.5842144,"[0, 5, 4]"
0,True,4,,0,Active,1737536077.5909693,"[0, 5, 4]"
1,True,4,,0,Active,1737536078.595822,"[0, 5, 4]"
2,True,4,,0,Active,1737536079.599962,"[0, 5, 4]"
3,True,7,2,576,Active,1737536080.6064878,"[7, 2]"
0,True,4,,0,Active,1737536081.6132033,"[0, 5, 4]"
1,True,4,,0,Active,1737536082.6166155,"[0, 5, 4]"
2,True,4,,0,Active,1737536083.6217015,"[0, 5, 4]"
0,True,4,,0,Active,1737536084.6289122,"[0, 5, 4]"
1,True,4,,0,Active,1737536085.6335418,"[0, 5, 4]"
2,True,4,,0,Active,1737536086.6434326,"[0, 5, 4]"
0,True,4,,0,Active,1737536087.6497228,"[0, 5, 4]"
1,True,4,,0,Active,1737536088.6542337,"[0, 5, 4]"
2,True,4,,0,Active,1737536089.657776,"[0, 5, 4]"
0,True,4,,0,Active,1737536090.7297318,"[0, 5, 4]"
4,True,,,0,Active,1737536091.7573993,[]
1,True,4,,0,Active,1737536092.765318,"[0, 5, 4]"
2,True,4,,0,Active,1737536093.7729836,"[0, 5, 4]"
3,True,2,,0,Active,1737536094.7801535,"[7, 2]"
0,True,4,,0,Active,1737536095.7852786,"[0, 5, 4]"
1,True,4,,0,Active,1737536096.7897465,"[0, 5, 4]"
2,True,4,,0,Active,1737536097.7949004,"[0, 5, 4]"
5,True,,,0,Active,1737536098.7989085,[]
3,True,2,,0,Active,1737536099.8065343,"[7, 2]"
0,True,4,,0,Active,1737536100.812203,"[0, 5, 4]"
1,True,4,,0,Active,1737536101.8166947,"[0, 5, 4]"
2,True,4,,0,Active,1737536102.8212638,"[0, 5, 4]"
3,True,2,,0,Active,1737536103.8319345,"[7, 2]"
0,True,4,,0,Active,1737536104.8460302,"[0, 5, 4]"
1,True,4,,0,Active,1737536105.8500955,"[0, 5, 4]"
2,True,4,,0,Active,1737536106.8541195,"[0, 5, 4]"
3,True,2,,0,Active,1737536107.8652465,"[7, 2]"
0,True,4,,0,Active,1737536108.8752425,"[0, 5, 4]"
4,True,7,2,576,Active,1737536109.8812442,"[7, 2]"
1,True,4,,0,Active,1737536110.8862221,"[0, 5, 4]"
2,True,4,,0,Active,1737536111.8903635,"[0, 5, 4]"
3,True,2,,0,Active,1737536112.8958335,"[7, 2]"
0,True,4,,0,Active,1737536113.903579,"[0, 5, 4]"
1,True,4,,0,Active,1737536114.9081788,"[0, 5, 4]"
2,True,4,,0,Active,1737536115.9144115,"[0, 5, 4]"
3,True,2,,0,Active,1737536116.9184122,"[7, 2]"
0,True,4,,0,Active,1737536117.932486,"[0, 5, 4]"
1,True,4,,0,Active,1737536118.9372952,"[0, 5, 4]"
2,True,4,,0,Active,1737536119.9411287,"[0, 5, 4]"
3,True,2,,0,Active,1737536120.9472196,"[7, 2]"
0,True,4,,0,Active,1737536122.011875,"[0, 5, 4]"
1,True,4,,0,Active,1737536123.0157163,"[0, 5, 4]"
2,True,4,,0,Active,1737536124.019384,"[0, 5, 4]"
3,True,2,,0,Active,1737536125.0318577,"[7, 2]"
4,True,2,,0,Active,1737536126.0529652,"[7, 2]"
0,True,4,,0,Active,1737536127.06272,"[0, 5, 4]"
1,True,4,,0,Active,1737536128.0676553,"[0, 5, 4]"
2,True,4,,0,Active,1737536129.0724905,"[0, 5, 4]"
3,True,2,,0,Active,1737536130.0765626,"[7, 2]"
5,True,7,2,576,Active,1737536131.0827525,"[7, 2]"
4,True,2,,0,Active,1737536132.0905962,"[7, 2]"
0,True,4,,0,Active,1737536133.0989795,"[0, 5, 4]"
1,True,4,,0,Active,1737536134.106501,"[0, 5, 4]"
2,True,4,,0,Active,1737536135.1107771,"[0, 5, 4]"
3,True,2,,0,Active,1737536136.1143708,"[7, 2]"
4,True,2,,0,Active,1737536137.1211503,"[7, 2]"
0,True,4,,0,Active,1737536138.1278718,"[0, 5, 4]"
1,True,4,,0,Active,1737536139.1358533,"[0, 5, 4]"
2,True,4,,0,Active,1737536140.1418028,"[0, 5, 4]"
3,True,2,,0,Active,1737536141.1467254,"[7, 2]"
4,True,2,,0,Active,1737536142.1504624,"[7, 2]"
0,True,4,,0,Active,1737536143.1568966,"[0, 5, 4]"
1,True,4,,0,Active,1737536144.1648633,"[0, 5, 4]"
2,True,4,,0,Active,1737536145.1685557,"[0, 5, 4]"
3,True,2,,0,Active,1737536146.1732328,"[7, 2]"
4,True,2,,0,Active,1737536147.1771944,"[7, 2]"
5,True,2,,0,Active,1737536148.1824875,"[7, 2]"
0,True,4,,0,Active,1737536149.190989,"[0, 5, 4]"
1,True,4,,0,Active,1737536150.1962929,"[0, 5, 4]"
2,True,4,,0,Active,1737536151.2013521,"[0, 5, 4]"
3,True,2,,0,Active,1737536152.205864,"[7, 2]"
4,True,2,,0,Active,1737536153.2104895,"[7, 2]"
5,True,2,,0,Active,1737536154.2209764,"[7, 2]"
0,True,4,,0,Active,1737536155.228131,"[0, 5, 4]"
1,True,4,,0,Active,1737536156.2339282,"[0, 5, 4]"
2,True,4,,0,Active,1737536157.238774,"[0, 5, 4]"
3,True,2,,0,Active,1737536158.2426898,"[7, 2]"
4,True,2,,0,Active,1737536159.2474775,"[7, 2]"
5,True,2,,0,Active,1737536160.4075873,"[7, 2]"
0,True,4,,0,Active,1737536161.4194567,"[0, 5, 4]"
1,True,4,,0,Active,1737536162.4244425,"[0, 5, 4]"
2,True,4,,0,Active,1737536163.4534798,"[0, 5, 4]"
3,True,2,,0,Active,1737536164.4576657,"[7, 2]"
4,True,2,,0,Active,1737536165.4633403,"[7, 2]"
5,True,2,,0,Active,1737536166.4825735,"[7, 2]"
0,True,4,,0,Active,1737536167.4897134,"[0, 5, 4]"
1,True,4,,0,Active,1737536168.4932742,"[0, 5, 4]"
2,True,4,,0,Active,1737536169.4997096,"[0, 5, 4]"
3,True,2,,0,Active,1737536170.5039632,"[7, 2]"
4,True,2,,0,Active,1737536171.5078704,"[7, 2]"
5,True,2,,0,Active,1737536172.5122583,"[7, 2]"
0,True,4,,0,Active,1737536173.5221202,"[0, 5, 4]"
1,True,4,,0,Active,1737536174.5373943,"[0, 5, 4]"
2,True,4,,0,Active,1737536175.5409045,"[0, 5, 4]"
3,True,2,,0,Active,1737536176.5453732,"[7, 2]"
4,True,2,,0,Active,1737536177.5492504,"[7, 2]"
5,True,2,,0,Active,1737536178.5529573,"[7, 2]"
0,True,4,,0,Active,1737536179.5652401,"[0, 5, 4]"
1,True,4,,0,Active,1737536180.6186712,"[0, 5, 4]"
2,True,4,,0,Active,1737536181.694724,"[0, 5, 4]"
3,True,2,,0,Active,1737536182.7002993,"[7, 2]"
4,True,2,,0,Active,1737536183.7054625,"[7, 2]"
5,True,2,,0,Active,1737536184.7093287,"[7, 2]"
0,True,4,,0,Active,1737536185.7231708,"[0, 5, 4]"
1,True,4,,0,Active,1737536186.7277255,"[0, 5, 4]"
2,True,4,,0,Active,1737536187.7423158,"[0, 5, 4]"
3,True,2,,0,Active,1737536188.749152,"[7, 2]"
4,True,2,,0,Active,1737536189.7549586,"[7, 2]"
5,True,2,,0,Active,1737536190.7597277,"[7, 2]"
0,True,4,,0,Active,1737536191.7733476,"[0, 5, 4]"
1,True,4,,0,Active,1737536192.7787805,"[0, 5, 4]"
2,True,4,,0,Active,1737536193.7827182,"[0, 5, 4]"
3,True,2,,0,Active,1737536194.7870843,"[7, 2]"
4,True,2,,0,Active,1737536195.7913113,"[7, 2]"
5,True,2,,0,Active,1737536196.7960353,"[7, 2]"
0,True,4,,0,Active,1737536197.8129652,"[0, 5, 4]"
1,True,4,,0,Active,1737536198.8188047,"[0, 5, 4]"
2,True,4,,0,Active,1737536199.8231418,"[0, 5, 4]"
3,True,2,,0,Active,1737536200.8271034,"[7, 2]"
4,True,2,,0,Active,1737536201.833195,"[7, 2]"
5,True,2,,0,Active,1737536202.838134,"[7, 2]"
0,True,4,,0,Active,1737536203.8991003,"[0, 5, 4]"
1,True,4,,0,Active,1737536204.9032419,"[0, 5, 4]"
2,True,4,,0,Active,1737536205.9098747,"[0, 5, 4]"
3,True,2,,0,Active,1737536206.919715,"[7, 2]"
4,True,2,,0,Active,1737536207.9242916,"[7, 2]"
5,True,2,,0,Active,1737536208.947363,"[7, 2]"
0,True,4,,0,Active,1737536209.9613836,"[0, 5, 4]"
1,True,4,,0,Active,1737536210.9667847,"[0, 5, 4]"
2,True,4,,0,Active,1737536211.9708347,"[0, 5, 4]"
3,True,2,,0,Active,1737536212.9755652,"[7, 2]"
4,True,2,,0,Active,1737536213.9794798,"[7, 2]"
5,True,2,,0,Active,1737536214.9841142,"[7, 2]"
0,True,4,,0,Active,1737536215.9938734,"[0, 5, 4]"
1,True,4,,0,Active,1737536216.998031,"[0, 5, 4]"
2,True,4,,0,Active,1737536218.0042748,"[0, 5, 4]"
3,True,2,,0,Active,1737536219.0142703,"[7, 2]"
4,True,2,,0,Active,1737536220.0190673,"[7, 2]"
5,True,2,,0,Active,1737536221.028464,"[7, 2]"
0,True,4,,0,Active,1737536222.0339327,"[0, 5, 4]"
1,True,4,,0,Active,1737536223.0381691,"[0, 5, 4]"
2,True,4,,0,Active,1737536224.0418792,"[0, 5, 4]"
3,True,2,,0,Active,1737536225.0460668,"[7, 2]"
4,True,2,,0,Active,1737536226.0508163,"[7, 2]"
5,True,2,,0,Active,1737536227.0552404,"[7, 2]"
0,True,4,,0,Active,1737536228.0662808,"[0, 5, 4]"
1,True,4,,0,Active,1737536229.070729,"[0, 5, 4]"
2,True,4,,0,Active,1737536230.0748086,"[0, 5, 4]"
3,True,2,,0,Active,1737536231.0788977,"[7, 2]"
4,True,2,,0,Active,1737536232.0851085,"[7, 2]"
5,True,2,,0,Active,1737536233.090359,"[7, 2]"
0,True,4,,0,Active,1737536234.0946639,"[0, 5, 4]"
1,True,4,,0,Active,1737536235.1001961,"[0, 5, 4]"
2,True,4,,0,Active,1737536236.103605,"[0, 5, 4]"
3,True,2,,0,Active,1737536237.107797,"[7, 2]"
4,True,2,,0,Active,1737536238.1112366,"[7, 2]"
5,True,2,,0,Active,1737536239.1155224,"[7, 2]"
0,True,4,,0,Active,1737536240.1274543,"[0, 5, 4]"
1,True,4,,0,Active,1737536241.1314414,"[0, 5, 4]"
2,True,4,,0,Active,1737536242.1367412,"[0, 5, 4]"
3,True,2,,0,Active,1737536243.1446767,"[7, 2]"
4,True,2,,0,Active,1737536244.1514452,"[7, 2]"
5,True,2,,0,Active,1737536245.155367,"[7, 2]"
0,True,4,,0,Active,1737536246.2328086,"[0, 5, 4]"
1,True,4,,0,Active,1737536247.237196,"[0, 5, 4]"
2,True,4,,0,Active,1737536248.242144,"[0, 5, 4]"
3,True,2,,0,Active,1737536249.246164,"[7, 2]"
4,True,2,,0,Active,1737536250.2511473,"[7, 2]"
5,True,2,,0,Active,1737536251.2554,"[7, 2]"
0,True,4,,0,Active,1737536252.2650714,"[0, 5, 4]"
1,True,4,,0,Active,1737536253.2690387,"[0, 5, 4]"
2,True,4,,0,Active,1737536254.273859,"[0, 5, 4]"
3,True,2,,0,Active,1737536255.2875106,"[7, 2]"
4,True,2,,0,Active,1737536256.2931018,"[7, 2]"
5,True,2,,0,Active,1737536257.2968605,"[7, 2]"
0,True,4,,0,Active,1737536258.3089726,"[0, 5, 4]"
1,True,4,,0,Active,1737536259.3134358,"[0, 5, 4]"
2,True,4,,0,Active,1737536260.3179379,"[0, 5, 4]"
3,True,2,,0,Active,1737536261.3216796,"[7, 2]"
4,True,2,,0,Active,1737536262.3270986,"[7, 2]"
5,True,2,,0,Active,1737536263.331094,"[7, 2]"
0,True,4,,0,Active,1737536264.3377144,"[0, 5, 4]"
1,True,4,,0,Active,1737536265.341398,"[0, 5, 4]"
2,True,4,,0,Active,1737536266.36884,"[0, 5, 4]"
3,True,2,,0,Active,1737536267.4038718,"[7, 2]"
4,True,2,,0,Active,1737536268.4076385,"[7, 2]"
5,True,2,,0,Active,1737536269.4118369,"[7, 2]"
0,True,4,,0,Active,1737536270.4234352,"[0, 5, 4]"
1,True,4,,0,Active,1737536271.4286628,"[0, 5, 4]"
2,True,4,,0,Active,1737536272.4342108,"[0, 5, 4]"
3,True,2,,0,Active,1737536273.438645,"[7, 2]"
4,True,2,,0,Active,1737536274.444106,"[7, 2]"
5,True,2,,0,Active,1737536275.4479842,"[7, 2]"
0,True,4,,0,Active,1737536276.45391,"[0, 5, 4]"
1,True,4,,0,Active,1737536277.459166,"[0, 5, 4]"
2,True,4,,0,Active,1737536278.4677572,"[0, 5, 4]"
3,True,2,,0,Active,1737536279.4718142,"[7, 2]"
4,True,2,,0,Active,1737536280.4767034,"[7, 2]"
5,True,2,,0,Active,1737536281.4802263,"[7, 2]"
0,True,4,,0,Active,1737536282.4902458,"[0, 5, 4]"
1,True,4,,0,Active,1737536283.495324,"[0, 5, 4]"
2,True,4,,0,Active,1737536284.498999,"[0, 5, 4]"
3,True,2,,0,Active,1737536285.5042512,"[7, 2]"
4,True,2,,0,Active,1737536286.5101721,"[7, 2]"
5,True,2,,0,Active,1737536287.5261679,"[7, 2]"
0,True,4,,0,Active,1737536288.6987684,"[0, 5, 4]"
1,True,4,,0,Active,1737536289.711768,"[0, 5, 4]"
2,True,4,,0,Active,1737536290.775765,"[0, 5, 4]"
3,True,2,,0,Active,1737536291.7877645,"[7, 2]"
4,True,2,,0,Active,1737536292.793765,"[7, 2]"
5,True,2,,0,Active,1737536293.7997801,"[7, 2]"
0,True,4,,0,Active,1737536294.8078265,"[0, 5, 4]"
1,True,4,,0,Active,1737536295.8133974,"[0, 5, 4]"
2,True,4,,0,Active,1737536296.8183408,"[0, 5, 4]"
3,True,2,,0,Active,1737536297.8231013,"[7, 2]"
4,True,2,,0,Active,1737536298.8275638,"[7, 2]"
5,True,2,,0,Active,1737536299.837444,"[7, 2]"
0,True,4,,0,Active,1737536300.8499126,"[0, 5, 4]"
1,True,4,,0,Active,1737536301.8539057,"[0, 5, 4]"
2,True,4,,0,Active,1737536302.8579235,"[0, 5, 4]"
3,True,2,,0,Active,1737536303.8611205,"[7, 2]"
4,True,2,,0,Active,1737536304.8651185,"[7, 2]"
5,True,2,,0,Active,1737536305.8701284,"[7, 2]"
0,True,4,,0,Active,1737536307.0201235,"[0, 5, 4]"
1,True,4,,0,Active,1737536308.024115,"[0, 5, 4]"
2,True,4,,0,Active,1737536309.0282233,"[0, 5, 4]"
3,True,2,,0,Active,1737536310.032541,"[7, 2]"
4,True,2,,0,Active,1737536311.0391278,"[7, 2]"
5,True,2,,0,Active,1737536312.042962,"[7, 2]"
0,True,4,,0,Active,1737536313.0609655,"[0, 5, 4]"
1,True,4,,0,Active,1737536314.0669641,"[0, 5, 4]"
2,True,4,,0,Active,1737536315.0800536,"[0, 5, 4]"
3,True,2,,0,Active,1737536316.0957725,"[7, 2]"
4,True,2,,0,Active,1737536317.1013124,"[7, 2]"
5,True,2,,0,Active,1737536318.111598,"[7, 2]"
0,True,4,,0,Active,1737536319.122161,"[0, 5, 4]"
1,True,4,,0,Active,1737536320.1272848,"[0, 5, 4]"
2,True,4,,0,Active,1737536321.1312377,"[0, 5, 4]"
3,True,2,,0,Active,1737536322.1367981,"[7, 2]"
4,True,2,,0,Active,1737536323.1411655,"[7, 2]"
5,True,2,,0,Active,1737536324.1481678,"[7, 2]"
0,True,4,,0,Active,1737536325.1701696,"[0, 5, 4]"
1,True,4,,0,Active,1737536326.1771631,"[0, 5, 4]"
2,True,4,,0,Active,1737536327.1911712,"[0, 5, 4]"
3,True,2,,0,Active,1737536328.1991677,"[7, 2]"
4,True,2,,0,Active,1737536329.2041812,"[7, 2]"
5,True,2,,0,Active,1737536330.208182,"[7, 2]"
0,True,4,,0,Active,1737536331.2921667,"[0, 5, 4]"
1,True,4,,0,Active,1737536332.2971616,"[0, 5, 4]"
2,True,4,,0,Active,1737536333.3011625,"[0, 5, 4]"
3,True,2,,0,Active,1737536334.3051798,"[7, 2]"
4,True,2,,0,Active,1737536335.3091803,"[7, 2]"
5,True,2,,0,Active,1737536336.3131647,"[7, 2]"
0,True,4,,0,Active,1737536337.3201666,"[0, 5, 4]"
1,True,4,,0,Active,1737536338.325166,"[0, 5, 4]"
2,True,4,,0,Active,1737536339.3301754,"[0, 5, 4]"
3,True,2,,0,Active,1737536340.3361754,"[7, 2]"
4,True,2,,0,Active,1737536341.3421648,"[7, 2]"
5,True,2,,0,Active,1737536342.3471656,"[7, 2]"
0,True,4,,0,Active,1737536343.36017,"[0, 5, 4]"
1,True,4,,0,Active,1737536344.3651621,"[0, 5, 4]"
2,True,4,,0,Active,1737536345.3731754,"[0, 5, 4]"
3,True,2,,0,Active,1737536346.3781714,"[7, 2]"
4,True,2,,0,Active,1737536347.3841677,"[7, 2]"
5,True,2,,0,Active,1737536348.3901596,"[7, 2]"
0,True,4,,0,Active,1737536349.3981724,"[0, 5, 4]"
1,True,4,,0,Active,1737536350.4041822,"[0, 5, 4]"
2,True,4,,0,Active,1737536351.4087474,"[0, 5, 4]"
3,True,2,,0,Active,1737536352.4124925,"[7, 2]"
4,True,2,,0,Active,1737536353.4186082,"[7, 2]"
5,True,2,,0,Active,1737536354.424601,"[7, 2]"
0,True,4,,0,Active,1737536355.4358208,"[0, 5, 4]"
1,True,4,,0,Active,1737536356.442521,"[0, 5, 4]"
2,True,4,,0,Active,1737536357.4474015,"[0, 5, 4]"
3,True,2,,0,Active,1737536358.454081,"[7, 2]"
4,True,2,,0,Active,1737536359.457786,"[7, 2]"
5,True,2,,0,Active,1737536360.462059,"[7, 2]"
0,True,4,,0,Active,1737536361.4706397,"[0, 5, 4]"
1,True,4,,0,Active,1737536362.4750907,"[0, 5, 4]"
2,True,4,,0,Active,1737536363.4799938,"[0, 5, 4]"
3,True,2,,0,Active,1737536364.4836671,"[7, 2]"
4,True,2,,0,Active,1737536365.4874122,"[7, 2]"
5,True,2,,0,Active,1737536366.4915655,"[7, 2]"
0,True,4,,0,Active,1737536367.5056553,"[0, 5, 4]"
1,True,4,,0,Active,1737536368.509127,"[0, 5, 4]"
2,True,4,,0,Active,1737536369.5131617,"[0, 5, 4]"
3,True,2,,0,Active,1737536370.5170345,"[7, 2]"
4,True,2,,0,Active,1737536371.521311,"[7, 2]"
5,True,2,,0,Active,1737536372.525439,"[7, 2]"
0,True,4,,0,Active,1737536373.597499,"[0, 5, 4]"
1,True,4,,0,Active,1737536374.6035256,"[0, 5, 4]"
2,True,4,,0,Active,1737536375.6082273,"[0, 5, 4]"
3,True,2,,0,Active,1737536376.6118672,"[7, 2]"
4,True,2,,0,Active,1737536377.6165962,"[7, 2]"
5,True,2,,0,Active,1737536378.6208897,"[7, 2]"
0,True,4,,0,Active,1737536379.630627,"[0, 5, 4]"
1,True,4,,0,Active,1737536380.6377306,"[0, 5, 4]"
2,True,4,,0,Active,1737536381.6454642,"[0, 5, 4]"
3,True,2,,0,Active,1737536382.6514332,"[7, 2]"
4,True,2,,0,Active,1737536383.656181,"[7, 2]"
5,True,2,,0,Active,1737536384.6595025,"[7, 2]"
0,True,4,,0,Active,1737536385.674968,"[0, 5, 4]"
1,True,4,,0,Active,1737536386.6801326,"[0, 5, 4]"
2,True,4,,0,Active,1737536387.684262,"[0, 5, 4]"
3,True,2,,0,Active,1737536388.6875827,"[7, 2]"
4,True,2,,0,Active,1737536389.6916974,"[7, 2]"
5,True,2,,0,Active,1737536390.6956246,"[7, 2]"
0,True,4,,0,Active,1737536391.7091196,"[0, 5, 4]"
1,True,4,,0,Active,1737536392.7126272,"[0, 5, 4]"
2,True,4,,0,Active,1737536393.7171955,"[0, 5, 4]"
3,True,2,,0,Active,1737536394.7236915,"[7, 2]"
4,True,2,,0,Active,1737536395.7283924,"[7, 2]"
5,True,2,,0,Active,1737536396.7324188,"[7, 2]"
0,True,4,,0,Active,1737536397.7444217,"[0, 5, 4]"
1,True,4,,0,Active,1737536398.7491758,"[0, 5, 4]"
2,True,4,,0,Active,1737536399.7565038,"[0, 5, 4]"
3,True,2,,0,Active,1737536400.7617292,"[7, 2]"
4,True,2,,0,Active,1737536401.7655714,"[7, 2]"
5,True,2,,0,Active,1737536402.7687507,"[7, 2]"
0,True,4,,0,Active,1737536403.7731602,"[0, 5, 4]"
1,True,4,,0,Active,1737536404.7764816,"[0, 5, 4]"
2,True,4,,0,Active,1737537837.5574234,"[0, 5, 4]"
3,True,2,,0,Active,1737537838.7215936,"[7, 2]"
4,True,2,,0,Active,1737537839.9465997,"[7, 2]"
5,True,2,,0,Active,1737537840.9572952,"[7, 2]"
0,True,4,,0,Active,1737537841.9821122,"[0, 5, 4]"
1,True,4,,0,Active,1737537842.9963953,"[0, 5, 4]"
2,True,4,,0,Active,1737537844.029755,"[0, 5, 4]"
3,True,2,,0,Active,1737537845.048882,"[7, 2]"
4,True,2,,0,Active,1737537846.0537918,"[7, 2]"
5,True,2,,0,Active,1737537847.0593503,"[7, 2]"
0,True,4,,0,Active,1737537848.5723894,"[0, 5, 4]"
1,True,4,,0,Active,1737537849.602954,"[0, 5, 4]"
0,True,,,0,Active,1754657079.4199307,[]
1,True,,,0,Active,1754657080.567685,[]
2,True,,,0,Active,1754657081.7090638,[]
3,True,,,0,Active,1754657082.874455,[]
4,True,,,0,Active,1754657083.989615,[]
5,True,,,0,Active,1754657085.1023548,[]
0,True,0,5,240,Active,1754657086.104015,"[0, 5, 4]"
1,True,0,5,240,Active,1754657087.335994,"[0, 5, 4]"
2,True,0,5,240,Active,1754657088.3563569,"[0, 5, 4]"
0,True,5,4,2208,Active,1754657089.3782756,"[0, 5, 4]"
1,True,5,4,2208,Active,1754657090.3928833,"[0, 5, 4]"
2,True,5,4,2208,Active,1754657091.748614,"[0, 5, 4]"
2,True,5,4,2208,Active,1754657092.7837467,"[0, 5, 4]"
3,True,7,2,576,Active,1754657093.8172164,"[7, 2]"
4,True,7,2,576,Active,1754657094.8298614,"[7, 2]"
5,True,7,2,576,Active,1754657095.843652,"[7, 2]"
0,True,4,,0,Active,1754657096.849612,"[0, 5, 4]"
1,True,4,,0,Active,1754657097.8544471,"[0, 5, 4]"
0,True,4,,0,Active,1754657098.8658938,"[0, 5, 4]"
1,True,4,,0,Active,1754657099.8691251,"[0, 5, 4]"
0,True,4,,0,Active,1754657100.922039,"[0, 5, 4]"
1,True,4,,0,Active,1754657101.9241502,"[0, 5, 4]"
0,True,4,,0,Active,1754657102.9342709,"[0, 5, 4]"
1,True,4,,0,Active,1754657103.937883,"[0, 5, 4]"
2,True,4,,0,Active,1754657104.9419076,"[0, 5, 4]"
3,True,2,,0,Active,1754657105.9452362,"[7, 2]"
4,True,2,,0,Active,1754657106.9525995,"[7, 2]"
5,True,2,,0,Active,1754657107.9551368,"[7, 2]"
0,True,4,,0,Active,1754657108.9616468,"[0, 5, 4]"
1,True,4,,0,Active,1754657109.9642978,"[0, 5, 4]"
2,True,4,,0,Active,1754657110.9658954,"[0, 5, 4]"
3,True,2,,0,Active,1754657111.9681091,"[7, 2]"
4,True,2,,0,Active,1754657112.9711971,"[7, 2]"
5,True,2,,0,Active,1754657113.9730954,"[7, 2]"
0,True,4,,0,Active,1754657114.9794958,"[0, 5, 4]"
1,True,4,,0,Active,1754657115.9816225,"[0, 5, 4]"
2,True,4,,0,Active,1754657116.9838965,"[0, 5, 4]"
3,True,2,,0,Active,1754657117.9910424,"[7, 2]"
4,True,2,,0,Active,1754657118.9982002,"[7, 2]"
5,True,2,,0,Active,1754657120.0066013,"[7, 2]"
0,True,4,,0,Active,1754657121.1952524,"[0, 5, 4]"
1,True,4,,0,Active,1754657122.1996694,"[0, 5, 4]"
2,True,4,,0,Active,1754657123.2045941,"[0, 5, 4]"
3,True,2,,0,Active,1754657123.772762,"[7, 2]"
